GameID,DayNum,WTeamID,LTeamID
0,1,1114,1283
1,1,1116,1349
2,1,1120,1204
3,1,1124,1146
4,1,1135,1136
5,1,1137,1193
6,1,1140,1168
7,1,1143,1337
8,1,1144,1157
9,1,1158,1367
10,1,1161,1176
11,1,1165,1127
12,1,1166,1244
13,1,1177,1108
14,1,1181,1242
15,1,1182,1343
16,1,1184,1151
17,1,1187,1440
18,1,1196,1316
19,1,1200,1383
20,1,1202,1205
21,1,1206,1298
22,1,1208,1441
23,1,1210,1301
24,1,1211,1106
25,1,1216,1148
26,1,1228,1311
27,1,1231,1442
28,1,1235,1290
29,1,1243,1295
30,1,1246,1277
31,1,1248,1162
32,1,1257,1274
33,1,1260,1413
34,1,1266,1259
35,1,1268,1221
36,1,1269,1262
37,1,1272,1354
38,1,1276,1111
39,1,1278,1156
40,1,1280,1198
41,1,1284,1250
42,1,1287,1359
43,1,1318,1131
44,1,1320,1330
45,1,1325,1382
46,1,1328,1427
47,1,1332,1201
48,1,1333,1169
49,1,1335,1104
50,1,1336,1271
51,1,1344,1357
52,1,1348,1254
53,1,1351,1164
54,1,1355,1410
55,1,1361,1411
56,1,1371,1447
57,1,1373,1110
58,1,1374,1240
59,1,1378,1115
60,1,1386,1133
61,1,1387,1195
62,1,1388,1458
63,1,1396,1180
64,1,1397,1421
65,1,1398,1105
66,1,1400,1294
67,1,1403,1183
68,1,1406,1203
69,1,1409,1223
70,1,1414,1360
71,1,1415,1304
72,1,1422,1299
73,1,1424,1236
74,1,1425,1197
75,1,1428,1305
76,1,1429,1286
77,1,1433,1384
78,1,1434,1405
79,1,1437,1119
80,1,1439,1155
81,1,1443,1399
82,1,1455,1303
83,1,1456,1219
84,1,1461,1226
85,1,1462,1239
86,1,1463,1392
87,1,1465,1238
88,2,1112,1319
89,2,1130,1448
90,2,1139,1237
91,2,1159,1312
92,2,1207,1291
93,2,1229,1125
94,2,1241,1150
95,2,1256,1394
96,2,1263,1467
97,2,1281,1230
98,2,1314,1323
99,2,1326,1153
100,2,1329,1331
101,2,1338,1199
102,2,1345,1453
103,2,1363,1220
104,2,1364,1238
105,2,1376,1466
106,2,1385,1273
107,2,1390,1285
108,2,1401,1322
109,2,1408,1368
110,2,1417,1253
111,2,1435,1369
112,2,1438,1393
113,2,1444,1270
114,3,1155,1342
115,3,1179,1244
116,3,1226,1102
117,3,1267,1352
118,3,1353,1136
119,3,1412,1407
120,3,1450,1370
121,3,1457,1216
122,4,1120,1172
123,4,1160,1113
124,4,1163,1357
125,4,1171,1138
126,4,1174,1324
127,4,1177,1192
128,4,1180,1310
129,4,1181,1161
130,4,1202,1260
131,4,1206,1255
132,4,1218,1197
133,4,1228,1213
134,4,1234,1188
135,4,1242,1422
136,4,1246,1184
137,4,1251,1347
138,4,1261,1132
139,4,1262,1254
140,4,1265,1440
141,4,1272,1227
142,4,1274,1194
143,4,1279,1117
144,4,1280,1358
145,4,1281,1297
146,4,1294,1230
147,4,1298,1187
148,4,1299,1149
149,4,1314,1423
150,4,1318,1217
151,4,1331,1223
152,4,1350,1384
153,4,1351,1175
154,4,1356,1427
155,4,1365,1142
156,4,1377,1334
157,4,1425,1339
158,4,1428,1290
159,4,1429,1451
160,4,1433,1317
161,4,1436,1382
162,4,1439,1164
163,4,1449,1124
164,4,1452,1103
165,4,1456,1110
166,4,1458,1183
167,4,1462,1373
168,4,1467,1321
169,5,1102,1402
170,5,1133,1237
171,5,1135,1145
172,5,1139,1309
173,5,1151,1398
174,5,1158,1209
175,5,1173,1232
176,5,1174,1356
177,5,1176,1430
178,5,1186,1370
179,5,1190,1404
180,5,1191,1123
181,5,1203,1224
182,5,1207,1146
183,5,1211,1115
184,5,1220,1284
185,5,1231,1340
186,5,1243,1424
187,5,1247,1233
188,5,1250,1107
189,5,1253,1360
190,5,1259,1152
191,5,1268,1348
192,5,1269,1193
193,5,1292,1252
194,5,1293,1380
195,5,1305,1258
196,5,1306,1221
197,5,1307,1169
198,5,1311,1338
199,5,1320,1296
200,5,1323,1352
201,5,1324,1427
202,5,1328,1278
203,5,1329,1282
204,5,1332,1129
205,5,1333,1235
206,5,1336,1447
207,5,1337,1414
208,5,1344,1312
209,5,1349,1335
210,5,1355,1167
211,5,1361,1140
212,5,1362,1343
213,5,1371,1392
214,5,1372,1300
215,5,1375,1379
216,5,1381,1304
217,5,1383,1248
218,5,1385,1148
219,5,1387,1434
220,5,1390,1168
221,5,1391,1442
222,5,1396,1288
223,5,1400,1345
224,5,1403,1126
225,5,1415,1225
226,5,1416,1341
227,5,1418,1270
228,5,1419,1108
229,5,1420,1195
230,5,1421,1154
231,5,1426,1409
232,5,1441,1205
233,5,1443,1122
234,5,1444,1454
235,5,1455,1411
236,5,1459,1219
237,5,1460,1275
238,6,1112,1228
239,6,1130,1378
240,6,1136,1165
241,6,1141,1290
242,6,1155,1159
243,6,1174,1427
244,6,1180,1101
245,6,1199,1196
246,6,1201,1457
247,6,1217,1263
248,6,1229,1114
249,6,1251,1271
250,6,1257,1464
251,6,1277,1127
252,6,1283,1106
253,6,1301,1178
254,6,1324,1356
255,6,1326,1262
256,6,1330,1386
257,6,1334,1197
258,6,1339,1363
259,6,1353,1310
260,6,1369,1236
261,6,1376,1461
262,6,1377,1218
263,6,1405,1267
264,6,1417,1364
265,6,1436,1137
266,6,1438,1241
267,6,1448,1162
268,7,1104,1194
269,7,1125,1359
270,7,1132,1239
271,7,1153,1179
272,7,1171,1195
273,7,1177,1234
274,7,1210,1189
275,7,1218,1334
276,7,1245,1406
277,7,1273,1244
278,7,1295,1142
279,7,1300,1367
280,7,1303,1126
281,7,1316,1204
282,7,1342,1440
283,7,1362,1463
284,7,1377,1197
285,7,1401,1419
286,7,1412,1105
287,7,1435,1394
288,7,1457,1388
289,8,1102,1119
290,8,1110,1203
291,8,1111,1187
292,8,1116,1317
293,8,1120,1375
294,8,1139,1278
295,8,1143,1424
296,8,1150,1172
297,8,1151,1407
298,8,1164,1260
299,8,1181,1146
300,8,1182,1249
301,8,1183,1152
302,8,1191,1246
303,8,1193,1221
304,8,1202,1149
305,8,1208,1154
306,8,1211,1315
307,8,1216,1265
308,8,1222,1106
309,8,1231,1466
310,8,1235,1296
311,8,1251,1354
312,8,1255,1271
313,8,1264,1175
314,8,1269,1318
315,8,1274,1416
316,8,1276,1166
317,8,1279,1313
318,8,1283,1156
319,8,1297,1157
320,8,1305,1426
321,8,1323,1224
322,8,1328,1333
323,8,1332,1272
324,8,1337,1169
325,8,1338,1352
326,8,1349,1322
327,8,1360,1201
328,8,1365,1450
329,8,1373,1382
330,8,1374,1309
331,8,1385,1306
332,8,1390,1253
333,8,1395,1418
334,8,1397,1293
335,8,1398,1252
336,8,1400,1465
337,8,1402,1341
338,8,1408,1238
339,8,1409,1331
340,8,1423,1144
341,8,1425,1355
342,8,1429,1176
343,8,1431,1308
344,8,1434,1188
345,8,1441,1299
346,8,1444,1290
347,8,1449,1291
348,8,1456,1459
349,8,1460,1399
350,8,1462,1281
351,9,1107,1145
352,9,1123,1227
353,9,1130,1219
354,9,1135,1346
355,9,1136,1389
356,9,1137,1220
357,9,1140,1381
358,9,1161,1303
359,9,1162,1127
360,9,1168,1461
361,9,1179,1282
362,9,1200,1192
363,9,1206,1254
364,9,1212,1368
365,9,1237,1378
366,9,1243,1284
367,9,1248,1343
368,9,1257,1232
369,9,1266,1345
370,9,1275,1236
371,9,1301,1198
372,9,1307,1453
373,9,1312,1165
374,9,1320,1167
375,9,1321,1344
376,9,1325,1233
377,9,1326,1437
378,9,1329,1158
379,9,1330,1259
380,9,1335,1247
381,9,1353,1180
382,9,1361,1213
383,9,1372,1310
384,9,1384,1288
385,9,1386,1163
386,9,1387,1186
387,9,1393,1159
388,9,1403,1223
389,9,1404,1442
390,9,1433,1261
391,9,1436,1131
392,9,1439,1367
393,9,1448,1421
394,9,1458,1270
395,10,1112,1363
396,10,1113,1148
397,10,1117,1440
398,10,1153,1105
399,10,1190,1457
400,10,1196,1406
401,10,1217,1373
402,10,1255,1383
403,10,1277,1371
404,10,1280,1419
405,10,1287,1342
406,10,1308,1380
407,10,1316,1379
408,10,1336,1207
409,10,1350,1435
410,10,1360,1451
411,10,1388,1253
412,10,1413,1225
413,11,1103,1300
414,11,1117,1413
415,11,1120,1169
416,11,1124,1402
417,11,1140,1222
418,11,1143,1465
419,11,1151,1375
420,11,1170,1415
421,11,1171,1467
422,11,1181,1209
423,11,1182,1252
424,11,1199,1441
425,11,1204,1347
426,11,1208,1175
427,11,1211,1401
428,11,1218,1340
429,11,1225,1440
430,11,1234,1331
431,11,1239,1262
432,11,1242,1284
433,11,1249,1291
434,11,1273,1195
435,11,1276,1189
436,11,1279,1444
437,11,1286,1111
438,11,1295,1410
439,11,1296,1164
440,11,1304,1355
441,11,1314,1205
442,11,1323,1267
443,11,1348,1104
444,11,1352,1224
445,11,1376,1156
446,11,1377,1411
447,11,1392,1394
448,11,1400,1341
449,11,1414,1129
450,11,1417,1424
451,11,1418,1464
452,11,1422,1399
453,11,1428,1278
454,11,1429,1299
455,11,1430,1412
456,11,1443,1184
457,11,1452,1338
458,11,1454,1282
459,11,1456,1214
460,11,1462,1283
461,12,1111,1399
462,12,1116,1285
463,12,1125,1130
464,12,1127,1357
465,12,1131,1306
466,12,1133,1227
467,12,1138,1217
468,12,1139,1459
469,12,1141,1358
470,12,1144,1154
471,12,1145,1137
472,12,1160,1360
473,12,1161,1258
474,12,1166,1256
475,12,1172,1423
476,12,1173,1149
477,12,1174,1248
478,12,1177,1165
479,12,1185,1317
480,12,1188,1230
481,12,1200,1265
482,12,1206,1241
483,12,1213,1115
484,12,1231,1407
485,12,1236,1391
486,12,1239,1171
487,12,1245,1460
488,12,1251,1187
489,12,1260,1386
490,12,1261,1311
491,12,1264,1107
492,12,1268,1324
493,12,1269,1148
494,12,1272,1108
495,12,1274,1346
496,12,1275,1105
497,12,1286,1422
498,12,1287,1271
499,12,1288,1203
500,12,1295,1394
501,12,1301,1383
502,12,1307,1270
503,12,1312,1447
504,12,1320,1294
505,12,1330,1318
506,12,1333,1461
507,12,1337,1101
508,12,1339,1263
509,12,1344,1389
510,12,1345,1152
511,12,1349,1364
512,12,1362,1356
513,12,1372,1180
514,12,1374,1238
515,12,1382,1353
516,12,1384,1110
517,12,1390,1365
518,12,1392,1410
519,12,1393,1370
520,12,1396,1247
521,12,1397,1449
522,12,1405,1352
523,12,1408,1322
524,12,1409,1122
525,12,1425,1305
526,12,1436,1385
527,12,1437,1325
528,12,1438,1162
529,12,1439,1250
530,12,1455,1404
531,12,1466,1359
532,12,1467,1262
533,13,1112,1308
534,13,1113,1351
535,13,1114,1146
536,13,1117,1225
537,13,1123,1232
538,13,1150,1448
539,13,1155,1178
540,13,1163,1196
541,13,1171,1262
542,13,1207,1209
543,13,1257,1300
544,13,1259,1193
545,13,1280,1309
546,13,1286,1399
547,13,1297,1164
548,13,1329,1463
549,13,1332,1426
550,13,1334,1415
551,13,1350,1169
552,13,1371,1387
553,13,1388,1142
554,13,1392,1295
555,13,1394,1410
556,13,1405,1224
557,13,1416,1229
558,13,1433,1240
559,13,1434,1315
560,13,1440,1413
561,13,1450,1226
562,13,1458,1266
563,13,1467,1239
564,14,1103,1367
565,14,1119,1192
566,14,1120,1159
567,14,1125,1219
568,14,1136,1310
569,14,1143,1341
570,14,1157,1292
571,14,1160,1414
572,14,1228,1218
573,14,1246,1430
574,14,1254,1175
575,14,1277,1149
576,14,1281,1459
577,14,1296,1255
578,14,1323,1342
579,14,1324,1216
580,14,1326,1391
581,14,1328,1456
582,14,1338,1284
583,14,1374,1191
584,14,1377,1188
585,14,1395,1102
586,14,1402,1238
587,14,1417,1381
588,14,1422,1111
589,14,1424,1101
590,14,1429,1427
591,14,1452,1294
592,15,1104,1202
593,15,1116,1411
594,15,1131,1376
595,15,1133,1313
596,15,1154,1369
597,15,1158,1267
598,15,1172,1305
599,15,1173,1303
600,15,1174,1384
601,15,1198,1156
602,15,1204,1273
603,15,1206,1259
604,15,1211,1426
605,15,1213,1286
606,15,1222,1349
607,15,1235,1379
608,15,1242,1190
609,15,1243,1115
610,15,1245,1236
611,15,1248,1335
612,15,1251,1298
613,15,1256,1290
614,15,1261,1420
615,15,1268,1193
616,15,1279,1370
617,15,1293,1356
618,15,1301,1108
619,15,1306,1148
620,15,1317,1299
621,15,1318,1221
622,15,1320,1404
623,15,1334,1164
624,15,1336,1137
625,15,1344,1467
626,15,1347,1321
627,15,1348,1311
628,15,1355,1466
629,15,1357,1135
630,15,1359,1264
631,15,1362,1167
632,15,1390,1271
633,15,1425,1337
634,15,1431,1307
635,15,1438,1436
636,15,1449,1263
637,15,1454,1315
638,15,1455,1205
639,15,1461,1178
640,15,1464,1300
641,16,1117,1161
642,16,1125,1252
643,16,1127,1312
644,16,1129,1140
645,16,1130,1186
646,16,1170,1413
647,16,1180,1136
648,16,1195,1194
649,16,1199,1151
650,16,1208,1210
651,16,1228,1154
652,16,1231,1343
653,16,1241,1330
654,16,1257,1367
655,16,1260,1237
656,16,1269,1351
657,16,1272,1114
658,16,1281,1287
659,16,1296,1442
660,16,1297,1123
661,16,1314,1189
662,16,1333,1364
663,16,1339,1340
664,16,1353,1372
665,16,1361,1360
666,16,1363,1212
667,16,1385,1162
668,16,1387,1219
669,16,1388,1201
670,16,1393,1165
671,16,1397,1106
672,16,1401,1407
673,16,1402,1424
674,16,1409,1368
675,16,1412,1291
676,16,1435,1122
677,16,1439,1175
678,16,1447,1389
679,16,1463,1373
680,17,1103,1464
681,17,1111,1150
682,17,1112,1355
683,17,1124,1325
684,17,1155,1105
685,17,1157,1428
686,17,1163,1138
687,17,1179,1250
688,17,1181,1143
689,17,1182,1232
690,17,1196,1386
691,17,1207,1400
692,17,1220,1417
693,17,1227,1352
694,17,1234,1316
695,17,1249,1430
696,17,1258,1102
697,17,1267,1224
698,17,1274,1283
699,17,1278,1141
700,17,1280,1408
701,17,1303,1450
702,17,1307,1308
703,17,1323,1405
704,17,1328,1271
705,17,1338,1115
706,17,1378,1459
707,17,1390,1456
708,17,1395,1414
709,17,1399,1457
710,17,1403,1398
711,17,1437,1292
712,17,1441,1239
713,17,1458,1453
714,17,1461,1418
715,17,1462,1406
716,18,1116,1377
717,18,1124,1157
718,18,1126,1230
719,18,1132,1443
720,18,1133,1347
721,18,1138,1406
722,18,1139,1287
723,18,1153,1229
724,18,1156,1423
725,18,1166,1142
726,18,1181,1207
727,18,1182,1102
728,18,1185,1420
729,18,1187,1191
730,18,1196,1274
731,18,1198,1184
732,18,1209,1341
733,18,1217,1221
734,18,1232,1258
735,18,1233,1391
736,18,1246,1291
737,18,1251,1288
738,18,1252,1298
739,18,1256,1466
740,18,1268,1206
741,18,1276,1223
742,18,1282,1203
743,18,1283,1386
744,18,1284,1244
745,18,1299,1311
746,18,1304,1380
747,18,1305,1200
748,18,1321,1313
749,18,1326,1236
750,18,1329,1444
751,18,1332,1222
752,18,1346,1107
753,18,1348,1317
754,18,1349,1454
755,18,1350,1270
756,18,1357,1342
757,18,1361,1254
758,18,1365,1226
759,18,1376,1205
760,18,1396,1425
761,18,1400,1143
762,18,1408,1292
763,18,1428,1325
764,18,1429,1261
765,18,1434,1213
766,18,1435,1354
767,18,1437,1280
768,18,1448,1172
769,18,1449,1285
770,18,1452,1131
771,18,1462,1163
772,18,1465,1146
773,19,1107,1357
774,19,1113,1385
775,19,1122,1368
776,19,1123,1224
777,19,1126,1183
778,19,1127,1119
779,19,1129,1334
780,19,1135,1312
781,19,1145,1382
782,19,1154,1265
783,19,1156,1184
784,19,1164,1165
785,19,1170,1337
786,19,1177,1130
787,19,1186,1219
788,19,1190,1175
789,19,1199,1384
790,19,1200,1213
791,19,1203,1191
792,19,1209,1465
793,19,1211,1167
794,19,1228,1214
795,19,1233,1244
796,19,1241,1306
797,19,1251,1349
798,19,1264,1189
799,19,1266,1352
800,19,1272,1279
801,19,1273,1227
802,19,1282,1187
803,19,1296,1188
804,19,1301,1114
805,19,1333,1212
806,19,1335,1344
807,19,1336,1463
808,19,1339,1413
809,19,1340,1363
810,19,1341,1146
811,19,1345,1240
812,19,1346,1342
813,19,1351,1162
814,19,1359,1407
815,19,1362,1358
816,19,1371,1197
817,19,1374,1424
818,19,1381,1149
819,19,1387,1125
820,19,1388,1250
821,19,1391,1284
822,19,1392,1447
823,19,1393,1137
824,19,1411,1297
825,19,1415,1176
826,19,1416,1158
827,19,1423,1198
828,19,1430,1295
829,19,1433,1195
830,19,1436,1148
831,19,1438,1269
832,19,1443,1229
833,19,1454,1288
834,19,1455,1331
835,19,1464,1367
836,20,1107,1342
837,20,1112,1253
838,20,1124,1437
839,20,1132,1153
840,20,1138,1283
841,20,1149,1175
842,20,1155,1395
843,20,1159,1169
844,20,1160,1461
845,20,1162,1148
846,20,1163,1274
847,20,1166,1316
848,20,1178,1414
849,20,1182,1258
850,20,1183,1230
851,20,1185,1299
852,20,1190,1381
853,20,1191,1288
854,20,1196,1462
855,20,1203,1454
856,20,1218,1309
857,20,1220,1168
858,20,1232,1102
859,20,1234,1142
860,20,1246,1249
861,20,1248,1192
862,20,1251,1282
863,20,1257,1103
864,20,1261,1348
865,20,1278,1315
866,20,1280,1157
867,20,1305,1434
868,20,1311,1420
869,20,1325,1292
870,20,1349,1187
871,20,1351,1436
872,20,1355,1290
873,20,1357,1346
874,20,1385,1269
875,20,1403,1254
876,20,1406,1386
877,20,1408,1428
878,20,1422,1440
879,20,1429,1317
880,20,1438,1113
881,20,1441,1391
882,20,1449,1360
883,20,1467,1216
884,21,1105,1407
885,21,1116,1210
886,21,1120,1307
887,21,1122,1354
888,21,1137,1370
889,21,1139,1281
890,21,1140,1417
891,21,1144,1239
892,21,1153,1434
893,21,1173,1208
894,21,1199,1152
895,21,1206,1330
896,21,1213,1229
897,21,1231,1256
898,21,1247,1293
899,21,1252,1399
900,21,1259,1237
901,21,1275,1179
902,21,1285,1411
903,21,1296,1324
904,21,1303,1380
905,21,1304,1450
906,21,1305,1132
907,21,1308,1161
908,21,1321,1133
909,21,1326,1245
910,21,1338,1243
911,21,1350,1458
912,21,1361,1398
913,21,1375,1318
914,21,1378,1260
915,21,1390,1328
916,21,1397,1151
917,21,1402,1101
918,21,1418,1178
919,21,1433,1106
920,21,1435,1368
921,21,1439,1277
922,21,1443,1200
923,21,1453,1169
924,21,1460,1451
925,21,1463,1444
926,22,1110,1224
927,22,1113,1343
928,22,1114,1383
929,22,1120,1350
930,22,1139,1390
931,22,1143,1413
932,22,1145,1227
933,22,1159,1453
934,22,1160,1155
935,22,1161,1260
936,22,1164,1241
937,22,1173,1439
938,22,1177,1141
939,22,1179,1318
940,22,1186,1125
941,22,1190,1111
942,22,1202,1189
943,22,1205,1404
944,22,1206,1304
945,22,1222,1223
946,22,1242,1140
947,22,1247,1460
948,22,1262,1135
949,22,1277,1208
950,22,1284,1347
951,22,1291,1430
952,22,1293,1451
953,22,1294,1131
954,22,1295,1225
955,22,1298,1165
956,22,1303,1259
957,22,1306,1136
958,22,1307,1458
959,22,1308,1378
960,22,1323,1192
961,22,1328,1281
962,22,1334,1188
963,22,1340,1212
964,22,1353,1312
965,22,1356,1300
966,22,1358,1167
967,22,1362,1214
968,22,1370,1444
969,22,1372,1181
970,22,1375,1275
971,22,1380,1237
972,22,1382,1273
973,22,1395,1461
974,22,1412,1249
975,22,1414,1418
976,22,1415,1255
977,22,1419,1322
978,22,1424,1238
979,22,1442,1123
980,22,1450,1330
981,22,1452,1320
982,22,1455,1376
983,22,1456,1287
984,22,1459,1271
985,22,1463,1137
986,23,1114,1108
987,23,1133,1243
988,23,1140,1439
989,23,1161,1450
990,23,1168,1369
991,23,1174,1392
992,23,1179,1293
993,23,1202,1426
994,23,1205,1294
995,23,1206,1308
996,23,1209,1150
997,23,1211,1379
998,23,1236,1310
999,23,1242,1173
1000,23,1247,1375
1001,23,1260,1330
1002,23,1276,1235
1003,23,1277,1417
1004,23,1279,1336
1005,23,1284,1313
1006,23,1304,1378
1007,23,1314,1104
1008,23,1318,1451
1009,23,1320,1376
1010,23,1329,1393
1011,23,1332,1371
1012,23,1333,1363
1013,23,1338,1321
1014,23,1348,1264
1015,23,1355,1359
1016,23,1360,1220
1017,23,1364,1340
1018,23,1365,1176
1019,23,1374,1216
1020,23,1377,1465
1021,23,1387,1130
1022,23,1404,1131
1023,23,1409,1354
1024,23,1438,1263
1025,23,1452,1455
1026,23,1460,1275
1027,23,1466,1290
1028,24,1112,1337
1029,24,1211,1332
1030,24,1217,1401
1031,24,1234,1403
1032,24,1235,1104
1033,24,1253,1344
1034,24,1266,1172
1035,24,1268,1396
1036,24,1272,1301
1037,24,1276,1314
1038,24,1316,1254
1039,24,1335,1416
1040,24,1361,1166
1041,24,1371,1379
1042,24,1398,1142
1043,24,1425,1193
1044,24,1426,1189
1045,24,1448,1158
1046,25,1103,1467
1047,25,1104,1379
1048,25,1112,1335
1049,25,1129,1423
1050,25,1151,1106
1051,25,1158,1344
1052,25,1166,1403
1053,25,1167,1214
1054,25,1172,1193
1055,25,1174,1271
1056,25,1176,1168
1057,25,1177,1278
1058,25,1181,1457
1059,25,1194,1221
1060,25,1196,1267
1061,25,1199,1397
1062,25,1204,1144
1063,25,1240,1152
1064,25,1246,1412
1065,25,1254,1142
1066,25,1257,1443
1067,25,1261,1283
1068,25,1266,1425
1069,25,1268,1217
1070,25,1276,1211
1071,25,1285,1164
1072,25,1314,1332
1073,25,1315,1195
1074,25,1326,1288
1075,25,1329,1279
1076,25,1334,1255
1077,25,1336,1393
1078,25,1345,1433
1079,25,1353,1269
1080,25,1361,1234
1081,25,1364,1212
1082,25,1365,1369
1083,25,1371,1235
1084,25,1374,1101
1085,25,1388,1429
1086,25,1396,1401
1087,25,1398,1316
1088,25,1415,1188
1089,25,1416,1337
1090,25,1428,1413
1091,25,1448,1253
1092,26,1106,1152
1093,26,1107,1110
1094,26,1116,1297
1095,26,1119,1265
1096,26,1125,1292
1097,26,1132,1171
1098,26,1138,1456
1099,26,1141,1464
1100,26,1144,1195
1101,26,1150,1367
1102,26,1151,1240
1103,26,1153,1424
1104,26,1156,1352
1105,26,1157,1175
1106,26,1159,1373
1107,26,1160,1170
1108,26,1162,1250
1109,26,1169,1201
1110,26,1190,1114
1111,26,1191,1237
1112,26,1198,1306
1113,26,1199,1345
1114,26,1218,1362
1115,26,1231,1355
1116,26,1236,1213
1117,26,1239,1299
1118,26,1241,1187
1119,26,1245,1391
1120,26,1256,1359
1121,26,1282,1442
1122,26,1291,1224
1123,26,1298,1135
1124,26,1315,1204
1125,26,1319,1377
1126,26,1325,1178
1127,26,1341,1427
1128,26,1343,1137
1129,26,1350,1130
1130,26,1365,1168
1131,26,1369,1176
1132,26,1370,1225
1133,26,1372,1117
1134,26,1384,1386
1135,26,1385,1447
1136,26,1389,1383
1137,26,1394,1410
1138,26,1397,1433
1139,26,1400,1270
1140,26,1402,1216
1141,26,1405,1324
1142,26,1409,1435
1143,26,1411,1249
1144,26,1414,1185
1145,26,1420,1180
1146,26,1422,1207
1147,26,1453,1286
1148,26,1462,1252
1149,26,1466,1287
1150,27,1102,1238
1151,27,1112,1448
1152,27,1144,1315
1153,27,1145,1273
1154,27,1161,1430
1155,27,1163,1263
1156,27,1193,1401
1157,27,1194,1227
1158,27,1200,1271
1159,27,1204,1195
1160,27,1210,1126
1161,27,1220,1221
1162,27,1258,1381
1163,27,1259,1127
1164,27,1262,1148
1165,27,1268,1266
1166,27,1307,1285
1167,27,1310,1313
1168,27,1333,1340
1169,27,1335,1253
1170,27,1339,1230
1171,27,1344,1337
1172,27,1376,1203
1173,27,1382,1360
1174,27,1387,1356
1175,27,1388,1303
1176,27,1390,1423
1177,27,1396,1172
1178,27,1408,1380
1179,27,1416,1158
1180,27,1417,1363
1181,27,1425,1217
1182,27,1437,1247
1183,27,1452,1348
1184,27,1463,1436
1185,28,1136,1298
1186,28,1174,1162
1187,28,1189,1244
1188,28,1220,1145
1189,28,1221,1273
1190,28,1227,1360
1191,28,1243,1197
1192,28,1274,1228
1193,28,1278,1155
1194,28,1316,1219
1195,28,1317,1426
1196,28,1378,1202
1197,28,1382,1194
1198,28,1392,1264
1199,28,1449,1377
1200,28,1459,1300
1201,29,1110,1420
1202,29,1113,1362
1203,29,1116,1122
1204,29,1117,1303
1205,29,1124,1271
1206,29,1125,1252
1207,29,1139,1279
1208,29,1149,1281
1209,29,1153,1436
1210,29,1164,1187
1211,29,1166,1331
1212,29,1173,1223
1213,29,1176,1238
1214,29,1179,1454
1215,29,1181,1277
1216,29,1185,1434
1217,29,1192,1346
1218,29,1206,1240
1219,29,1209,1171
1220,29,1213,1291
1221,29,1231,1199
1222,29,1232,1295
1223,29,1234,1393
1224,29,1245,1178
1225,29,1248,1386
1226,29,1257,1276
1227,29,1260,1123
1228,29,1261,1309
1229,29,1272,1133
1230,29,1283,1293
1231,29,1297,1275
1232,29,1308,1431
1233,29,1321,1130
1234,29,1324,1444
1235,29,1338,1353
1236,29,1350,1214
1237,29,1351,1137
1238,29,1364,1167
1239,29,1367,1184
1240,29,1370,1230
1241,29,1374,1322
1242,29,1385,1389
1243,29,1391,1126
1244,29,1395,1229
1245,29,1400,1412
1246,29,1410,1358
1247,29,1418,1368
1248,29,1421,1150
1249,29,1427,1394
1250,29,1435,1138
1251,29,1441,1151
1252,29,1456,1330
1253,29,1460,1443
1254,30,1102,1461
1255,30,1103,1267
1256,30,1119,1312
1257,30,1135,1467
1258,30,1152,1188
1259,30,1159,1127
1260,30,1160,1258
1261,30,1163,1233
1262,30,1169,1339
1263,30,1177,1403
1264,30,1180,1343
1265,30,1182,1440
1266,30,1190,1154
1267,30,1191,1442
1268,30,1194,1145
1269,30,1198,1195
1270,30,1203,1131
1271,30,1207,1329
1272,30,1208,1300
1273,30,1210,1304
1274,30,1211,1411
1275,30,1222,1402
1276,30,1235,1282
1277,30,1236,1183
1278,30,1259,1175
1279,30,1266,1239
1280,30,1268,1323
1281,30,1287,1237
1282,30,1299,1255
1283,30,1301,1458
1284,30,1305,1365
1285,30,1307,1129
1286,30,1318,1263
1287,30,1326,1314
1288,30,1334,1168
1289,30,1336,1448
1290,30,1345,1438
1291,30,1347,1241
1292,30,1356,1313
1293,30,1357,1262
1294,30,1361,1161
1295,30,1362,1143
1296,30,1376,1269
1297,30,1384,1250
1298,30,1397,1197
1299,30,1405,1156
1300,30,1406,1288
1301,30,1407,1466
1302,30,1408,1379
1303,30,1409,1115
1304,30,1413,1319
1305,30,1422,1244
1306,30,1424,1201
1307,30,1428,1140
1308,30,1429,1363
1309,30,1437,1335
1310,30,1449,1186
1311,30,1451,1430
1312,30,1462,1453
1313,30,1463,1107
1314,30,1464,1352
1315,30,1465,1415
1316,31,1101,1369
1317,31,1120,1202
1318,31,1219,1189
1319,31,1224,1214
1320,31,1256,1280
1321,31,1286,1355
1322,31,1328,1317
1323,31,1383,1216
1324,31,1388,1296
1325,31,1450,1225
1326,31,1455,1146
1327,32,1104,1372
1328,32,1136,1162
1329,32,1141,1404
1330,32,1181,1439
1331,32,1257,1338
1332,32,1276,1234
1333,32,1283,1290
1334,32,1285,1315
1335,32,1337,1226
1336,32,1340,1169
1337,32,1348,1344
1338,32,1378,1171
1339,32,1398,1152
1340,32,1425,1395
1341,33,1105,1240
1342,33,1113,1418
1343,33,1117,1409
1344,33,1122,1316
1345,33,1123,1237
1346,33,1124,1112
1347,33,1127,1131
1348,33,1129,1161
1349,33,1130,1323
1350,33,1132,1324
1351,33,1133,1299
1352,33,1137,1107
1353,33,1139,1196
1354,33,1140,1424
1355,33,1142,1373
1356,33,1149,1300
1357,33,1150,1423
1358,33,1157,1457
1359,33,1166,1304
1360,33,1170,1168
1361,33,1172,1318
1362,33,1179,1369
1363,33,1183,1453
1364,33,1185,1178
1365,33,1191,1275
1366,33,1198,1244
1367,33,1203,1174
1368,33,1206,1110
1369,33,1207,1374
1370,33,1209,1273
1371,33,1214,1313
1372,33,1217,1269
1373,33,1227,1236
1374,33,1229,1287
1375,33,1232,1460
1376,33,1239,1126
1377,33,1242,1160
1378,33,1245,1156
1379,33,1246,1192
1380,33,1247,1180
1381,33,1248,1165
1382,33,1249,1349
1383,33,1254,1119
1384,33,1258,1212
1385,33,1259,1291
1386,33,1262,1383
1387,33,1263,1148
1388,33,1264,1200
1389,33,1266,1243
1390,33,1268,1228
1391,33,1272,1412
1392,33,1279,1167
1393,33,1281,1396
1394,33,1288,1255
1395,33,1293,1292
1396,33,1295,1190
1397,33,1298,1265
1398,33,1301,1448
1399,33,1305,1102
1400,33,1307,1461
1401,33,1317,1114
1402,33,1326,1336
1403,33,1332,1218
1404,33,1334,1253
1405,33,1346,1306
1406,33,1352,1195
1407,33,1354,1342
1408,33,1359,1223
1409,33,1360,1221
1410,33,1364,1426
1411,33,1365,1143
1412,33,1370,1339
1413,33,1379,1356
1414,33,1381,1430
1415,33,1382,1220
1416,33,1384,1420
1417,33,1385,1452
1418,33,1392,1135
1419,33,1393,1210
1420,33,1413,1296
1421,33,1416,1312
1422,33,1422,1347
1423,33,1427,1402
1424,33,1428,1146
1425,33,1429,1201
1426,33,1431,1115
1427,33,1433,1330
1428,33,1436,1406
1429,33,1437,1386
1430,33,1440,1391
1431,33,1441,1421
1432,33,1443,1116
1433,33,1444,1464
1434,33,1450,1308
1435,33,1458,1231
1436,33,1459,1205
1437,33,1462,1153
1438,33,1463,1250
1439,33,1465,1414
1440,34,1103,1380
1441,34,1138,1177
1442,34,1173,1388
1443,34,1186,1315
1444,34,1199,1155
1445,34,1202,1367
1446,34,1211,1449
1447,34,1222,1376
1448,34,1235,1371
1449,34,1251,1213
1450,34,1261,1322
1451,34,1277,1353
1452,34,1297,1184
1453,34,1310,1159
1454,34,1319,1303
1455,34,1325,1399
1456,34,1345,1321
1457,34,1350,1375
1458,34,1357,1216
1459,34,1358,1256
1460,34,1361,1363
1461,34,1387,1408
1462,34,1400,1401
1463,34,1405,1267
1464,34,1417,1176
1465,34,1434,1141
1466,34,1438,1314
1467,34,1455,1329
1468,34,1456,1193
1469,35,1182,1162
1470,35,1234,1278
1471,35,1377,1106
1472,36,1114,1398
1473,36,1124,1139
1474,36,1130,1107
1475,36,1136,1200
1476,36,1140,1305
1477,36,1161,1355
1478,36,1172,1164
1479,36,1212,1419
1480,36,1220,1392
1481,36,1231,1163
1482,36,1242,1454
1483,36,1270,1282
1484,36,1284,1343
1485,36,1308,1176
1486,36,1320,1160
1487,36,1323,1178
1488,36,1336,1268
1489,36,1383,1342
1490,36,1385,1135
1491,36,1396,1386
1492,36,1403,1257
1493,36,1406,1420
1494,36,1416,1453
1495,37,1112,1303
1496,37,1113,1341
1497,37,1143,1201
1498,37,1159,1165
1499,37,1171,1263
1500,37,1222,1426
1501,37,1228,1276
1502,37,1243,1106
1503,37,1262,1312
1504,37,1283,1117
1505,37,1295,1169
1506,37,1353,1458
1507,37,1354,1421
1508,37,1360,1168
1509,37,1389,1192
1510,37,1395,1457
1511,37,1407,1240
1512,37,1409,1129
1513,37,1439,1151
1514,37,1463,1269
1515,37,1467,1119
1516,38,1234,1235
1517,38,1320,1213
1518,38,1452,1122
1519,38,1460,1380
1520,39,1160,1161
1521,39,1166,1410
1522,39,1231,1304
1523,39,1244,1205
1524,39,1258,1341
1525,40,1102,1176
1526,40,1107,1310
1527,40,1111,1224
1528,40,1113,1208
1529,40,1116,1409
1530,40,1119,1138
1531,40,1120,1387
1532,40,1129,1106
1533,40,1131,1171
1534,40,1139,1380
1535,40,1140,1429
1536,40,1145,1221
1537,40,1157,1300
1538,40,1159,1153
1539,40,1173,1179
1540,40,1177,1227
1541,40,1182,1347
1542,40,1183,1454
1543,40,1187,1144
1544,40,1191,1453
1545,40,1194,1219
1546,40,1201,1142
1547,40,1202,1457
1548,40,1207,1393
1549,40,1211,1112
1550,40,1216,1447
1551,40,1225,1167
1552,40,1228,1330
1553,40,1237,1236
1554,40,1242,1282
1555,40,1246,1210
1556,40,1247,1288
1557,40,1251,1435
1558,40,1256,1418
1559,40,1257,1184
1560,40,1272,1397
1561,40,1274,1105
1562,40,1277,1324
1563,40,1279,1292
1564,40,1280,1243
1565,40,1294,1461
1566,40,1307,1308
1567,40,1316,1379
1568,40,1319,1430
1569,40,1323,1417
1570,40,1332,1276
1571,40,1333,1115
1572,40,1336,1104
1573,40,1337,1146
1574,40,1343,1192
1575,40,1344,1392
1576,40,1349,1223
1577,40,1350,1158
1578,40,1351,1254
1579,40,1353,1371
1580,40,1360,1413
1581,40,1362,1168
1582,40,1365,1170
1583,40,1372,1419
1584,40,1381,1364
1585,40,1383,1312
1586,40,1388,1143
1587,40,1390,1363
1588,40,1395,1249
1589,40,1400,1141
1590,40,1405,1178
1591,40,1421,1404
1592,40,1428,1451
1593,40,1437,1174
1594,40,1444,1264
1595,40,1448,1462
1596,40,1452,1311
1597,40,1455,1328
1598,40,1465,1126
1599,41,1130,1148
1600,41,1132,1156
1601,41,1133,1204
1602,41,1151,1407
1603,41,1218,1359
1604,41,1255,1391
1605,41,1260,1313
1606,41,1275,1290
1607,41,1278,1326
1608,41,1281,1356
1609,41,1297,1229
1610,41,1301,1422
1611,41,1303,1410
1612,41,1304,1345
1613,41,1321,1188
1614,41,1329,1222
1615,41,1334,1169
1616,41,1346,1263
1617,41,1376,1155
1618,41,1378,1180
1619,41,1398,1200
1620,41,1401,1394
1621,41,1416,1357
1622,41,1420,1164
1623,41,1425,1253
1624,41,1433,1283
1625,41,1439,1205
1626,41,1450,1415
1627,41,1459,1314
1628,41,1464,1369
1629,42,1150,1434
1630,42,1174,1175
1631,42,1183,1442
1632,42,1240,1191
1633,42,1241,1149
1634,42,1267,1287
1635,42,1273,1423
1636,42,1293,1244
1637,42,1295,1286
1638,42,1338,1296
1639,42,1339,1197
1640,42,1351,1265
1641,42,1364,1226
1642,42,1403,1379
1643,42,1408,1108
1644,42,1413,1258
1645,42,1414,1245
1646,42,1431,1299
1647,43,1110,1291
1648,43,1144,1189
1649,43,1166,1328
1650,43,1173,1317
1651,43,1185,1318
1652,43,1186,1303
1653,43,1187,1271
1654,43,1196,1344
1655,43,1199,1316
1656,43,1207,1420
1657,43,1245,1299
1658,43,1252,1399
1659,43,1256,1300
1660,43,1266,1212
1661,43,1274,1396
1662,43,1282,1405
1663,43,1294,1176
1664,43,1307,1213
1665,43,1326,1369
1666,43,1331,1152
1667,43,1337,1340
1668,43,1343,1233
1669,43,1345,1325
1670,43,1352,1141
1671,43,1375,1105
1672,43,1390,1362
1673,43,1412,1466
1674,43,1421,1391
1675,43,1431,1414
1676,43,1449,1370
1677,43,1457,1188
1678,43,1460,1290
1679,44,1101,1309
1680,44,1104,1359
1681,44,1117,1418
1682,44,1123,1210
1683,44,1124,1404
1684,44,1125,1244
1685,44,1138,1145
1686,44,1146,1230
1687,44,1153,1397
1688,44,1163,1389
1689,44,1170,1142
1690,44,1171,1148
1691,44,1177,1156
1692,44,1190,1261
1693,44,1211,1314
1694,44,1229,1227
1695,44,1232,1398
1696,44,1239,1342
1697,44,1240,1175
1698,44,1247,1447
1699,44,1249,1368
1700,44,1257,1275
1701,44,1260,1435
1702,44,1277,1321
1703,44,1280,1347
1704,44,1305,1411
1705,44,1306,1265
1706,44,1308,1115
1707,44,1311,1394
1708,44,1332,1285
1709,44,1333,1427
1710,44,1334,1424
1711,44,1350,1330
1712,44,1355,1195
1713,44,1356,1214
1714,44,1358,1322
1715,44,1365,1363
1716,44,1367,1354
1717,44,1372,1223
1718,44,1382,1310
1719,44,1385,1107
1720,44,1388,1113
1721,44,1393,1324
1722,44,1416,1126
1723,44,1422,1436
1724,44,1428,1246
1725,44,1429,1378
1726,44,1430,1461
1727,44,1433,1158
1728,44,1434,1219
1729,44,1438,1392
1730,44,1462,1441
1731,44,1464,1127
1732,44,1465,1380
1733,45,1111,1375
1734,45,1114,1419
1735,45,1120,1301
1736,45,1150,1271
1737,45,1154,1255
1738,45,1160,1341
1739,45,1167,1286
1740,45,1181,1459
1741,45,1204,1402
1742,45,1209,1426
1743,45,1220,1343
1744,45,1222,1431
1745,45,1238,1339
1746,45,1267,1184
1747,45,1296,1152
1748,45,1318,1178
1749,45,1319,1415
1750,45,1340,1258
1751,45,1371,1268
1752,45,1381,1253
1753,45,1386,1456
1754,45,1407,1157
1755,45,1450,1197
1756,46,1103,1408
1757,46,1105,1466
1758,46,1155,1239
1759,46,1180,1346
1760,46,1201,1237
1761,46,1202,1273
1762,46,1208,1374
1763,46,1227,1414
1764,46,1241,1200
1765,46,1251,1406
1766,46,1254,1174
1767,46,1266,1295
1768,46,1269,1263
1769,46,1294,1377
1770,46,1298,1291
1771,46,1313,1132
1772,46,1336,1148
1773,46,1338,1127
1774,46,1364,1380
1775,46,1365,1290
1776,46,1436,1252
1777,47,1101,1311
1778,47,1104,1125
1779,47,1111,1407
1780,47,1114,1418
1781,47,1116,1434
1782,47,1117,1419
1783,47,1120,1250
1784,47,1126,1265
1785,47,1130,1143
1786,47,1131,1262
1787,47,1136,1171
1788,47,1138,1310
1789,47,1139,1345
1790,47,1140,1451
1791,47,1146,1394
1792,47,1149,1184
1793,47,1151,1421
1794,47,1157,1375
1795,47,1158,1354
1796,47,1160,1173
1797,47,1161,1409
1798,47,1166,1113
1799,47,1167,1142
1800,47,1177,1321
1801,47,1178,1188
1802,47,1179,1102
1803,47,1180,1313
1804,47,1182,1122
1805,47,1190,1156
1806,47,1191,1293
1807,47,1193,1324
1808,47,1197,1370
1809,47,1199,1378
1810,47,1204,1426
1811,47,1206,1420
1812,47,1207,1359
1813,47,1209,1402
1814,47,1211,1186
1815,47,1213,1183
1816,47,1217,1203
1817,47,1231,1323
1818,47,1234,1153
1819,47,1245,1214
1820,47,1247,1192
1821,47,1251,1103
1822,47,1253,1430
1823,47,1272,1238
1824,47,1274,1164
1825,47,1275,1133
1826,47,1276,1342
1827,47,1277,1185
1828,47,1278,1329
1829,47,1279,1368
1830,47,1281,1228
1831,47,1284,1107
1832,47,1303,1285
1833,47,1314,1417
1834,47,1315,1304
1835,47,1317,1115
1836,47,1322,1249
1837,47,1325,1287
1838,47,1326,1246
1839,47,1328,1416
1840,47,1331,1283
1841,47,1332,1411
1842,47,1334,1226
1843,47,1337,1319
1844,47,1344,1400
1845,47,1346,1132
1846,47,1348,1443
1847,47,1355,1225
1848,47,1356,1369
1849,47,1358,1309
1850,47,1361,1428
1851,47,1362,1413
1852,47,1372,1270
1853,47,1373,1137
1854,47,1382,1292
1855,47,1385,1112
1856,47,1387,1243
1857,47,1388,1305
1858,47,1390,1360
1859,47,1392,1110
1860,47,1393,1316
1861,47,1396,1351
1862,47,1397,1240
1863,47,1401,1333
1864,47,1403,1410
1865,47,1406,1408
1866,47,1412,1106
1867,47,1422,1297
1868,47,1424,1352
1869,47,1425,1261
1870,47,1427,1229
1871,47,1429,1196
1872,47,1435,1423
1873,47,1437,1242
1874,47,1439,1440
1875,47,1441,1399
1876,47,1447,1119
1877,47,1448,1299
1878,47,1450,1230
1879,47,1452,1464
1880,47,1453,1296
1881,47,1455,1433
1882,47,1457,1189
1883,47,1458,1454
1884,47,1460,1405
1885,47,1461,1176
1886,48,1122,1106
1887,48,1159,1162
1888,48,1163,1306
1889,48,1172,1260
1890,48,1187,1150
1891,48,1194,1273
1892,48,1198,1391
1893,48,1210,1129
1894,48,1216,1165
1895,48,1217,1224
1896,48,1218,1431
1897,48,1220,1264
1898,48,1222,1339
1899,48,1232,1152
1900,48,1235,1236
1901,48,1258,1168
1902,48,1282,1377
1903,48,1301,1154
1904,48,1307,1223
1905,48,1308,1280
1906,48,1320,1267
1907,48,1330,1271
1908,48,1347,1350
1909,48,1353,1248
1910,48,1357,1221
1911,48,1364,1467
1912,48,1371,1341
1913,48,1376,1438
1914,48,1383,1175
1915,48,1384,1456
1916,48,1389,1254
1917,48,1412,1182
1918,48,1415,1363
1919,48,1449,1123
1920,48,1459,1244
1921,48,1462,1395
1922,48,1463,1155
1923,48,1465,1290
1924,49,1129,1339
1925,49,1173,1212
1926,49,1208,1204
1927,49,1222,1210
1928,49,1362,1201
1929,49,1370,1253
1930,49,1373,1145
1931,49,1374,1209
1932,49,1431,1123
1933,49,1449,1218
1934,51,1123,1339
1935,51,1129,1431
1936,51,1210,1218
1937,51,1222,1449
1938,53,1259,1262
1939,53,1291,1164
1940,54,1113,1411
1941,54,1125,1443
1942,54,1129,1169
1943,54,1133,1405
1944,54,1139,1419
1945,54,1140,1331
1946,54,1158,1180
1947,54,1162,1265
1948,54,1168,1417
1949,54,1174,1423
1950,54,1181,1135
1951,54,1186,1451
1952,54,1187,1184
1953,54,1193,1447
1954,54,1196,1253
1955,54,1199,1466
1956,54,1203,1255
1957,54,1207,1110
1958,54,1214,1389
1959,54,1220,1241
1960,54,1226,1225
1961,54,1227,1156
1962,54,1246,1257
1963,54,1247,1137
1964,54,1266,1146
1965,54,1272,1309
1966,54,1278,1198
1967,54,1285,1319
1968,54,1286,1170
1969,54,1288,1258
1970,54,1297,1454
1971,54,1318,1406
1972,54,1324,1178
1973,54,1340,1294
1974,54,1345,1141
1975,54,1361,1142
1976,54,1363,1337
1977,54,1388,1370
1978,54,1393,1310
1979,54,1414,1334
1980,54,1415,1201
1981,54,1424,1185
1982,54,1458,1397
1983,54,1460,1453
1984,54,1464,1237
1985,55,1104,1350
1986,55,1116,1231
1987,55,1120,1252
1988,55,1131,1467
1989,55,1144,1325
1990,55,1160,1233
1991,55,1163,1312
1992,55,1216,1321
1993,55,1217,1143
1994,55,1218,1263
1995,55,1228,1299
1996,55,1234,1244
1997,55,1242,1390
1998,55,1243,1409
1999,55,1248,1357
2000,55,1261,1251
2001,55,1267,1182
2002,55,1268,1136
2003,55,1276,1262
2004,55,1277,1444
2005,55,1279,1399
2006,55,1295,1176
2007,55,1301,1111
2008,55,1303,1355
2009,55,1304,1394
2010,55,1307,1413
2011,55,1323,1105
2012,55,1329,1368
2013,55,1332,1106
2014,55,1333,1315
2015,55,1336,1165
2016,55,1343,1250
2017,55,1348,1292
2018,55,1358,1349
2019,55,1364,1418
2020,55,1365,1108
2021,55,1367,1440
2022,55,1373,1221
2023,55,1378,1194
2024,55,1387,1126
2025,55,1392,1313
2026,55,1403,1167
2027,55,1425,1195
2028,55,1433,1259
2029,55,1438,1298
2030,55,1439,1271
2031,55,1442,1377
2032,55,1450,1115
2033,55,1452,1326
2034,55,1455,1101
2035,56,1103,1269
2036,56,1107,1162
2037,56,1124,1238
2038,56,1138,1382
2039,56,1156,1237
2040,56,1158,1174
2041,56,1173,1316
2042,56,1180,1423
2043,56,1200,1164
2044,56,1208,1122
2045,56,1211,1178
2046,56,1217,1362
2047,56,1220,1406
2048,56,1226,1186
2049,56,1232,1356
2050,56,1256,1379
2051,56,1260,1434
2052,56,1272,1408
2053,56,1280,1245
2054,56,1281,1152
2055,56,1285,1170
2056,56,1286,1319
2057,56,1306,1171
2058,56,1314,1463
2059,56,1318,1241
2060,56,1328,1410
2061,56,1335,1224
2062,56,1338,1145
2063,56,1354,1239
2064,56,1371,1177
2065,56,1381,1340
2066,56,1391,1376
2067,56,1395,1206
2068,56,1400,1219
2069,56,1401,1411
2070,56,1435,1172
2071,56,1437,1462
2072,56,1451,1225
2073,56,1453,1297
2074,56,1456,1189
2075,56,1460,1454
2076,56,1464,1227
2077,57,1102,1415
2078,57,1132,1216
2079,57,1133,1179
2080,57,1139,1385
2081,57,1169,1288
2082,57,1181,1130
2083,57,1197,1235
2084,57,1199,1210
2085,57,1229,1320
2086,57,1274,1155
2087,57,1283,1191
2088,57,1344,1207
2089,57,1396,1416
2090,57,1436,1203
2091,57,1458,1351
2092,58,1129,1461
2093,58,1153,1163
2094,58,1166,1266
2095,58,1190,1459
2096,58,1202,1440
2097,58,1236,1377
2098,58,1305,1161
2099,58,1359,1154
2100,58,1361,1201
2101,58,1363,1307
2102,58,1374,1378
2103,58,1422,1273
2104,58,1424,1429
2105,58,1455,1187
2106,59,1114,1402
2107,59,1122,1369
2108,59,1131,1248
2109,59,1135,1348
2110,59,1136,1384
2111,59,1137,1119
2112,59,1149,1367
2113,59,1150,1412
2114,59,1158,1406
2115,59,1159,1110
2116,59,1160,1332
2117,59,1173,1247
2118,59,1182,1387
2119,59,1184,1399
2120,59,1188,1125
2121,59,1194,1427
2122,59,1198,1431
2123,59,1204,1157
2124,59,1205,1144
2125,59,1209,1111
2126,59,1211,1339
2127,59,1223,1146
2128,59,1225,1340
2129,59,1240,1287
2130,59,1241,1423
2131,59,1249,1309
2132,59,1251,1195
2133,59,1252,1391
2134,59,1258,1360
2135,59,1259,1221
2136,59,1263,1162
2137,59,1267,1349
2138,59,1277,1228
2139,59,1282,1370
2140,59,1285,1381
2141,59,1293,1404
2142,59,1294,1286
2143,59,1295,1442
2144,59,1298,1250
2145,59,1311,1230
2146,59,1315,1176
2147,59,1316,1244
2148,59,1318,1189
2149,59,1330,1292
2150,59,1334,1337
2151,59,1342,1421
2152,59,1345,1278
2153,59,1350,1386
2154,59,1352,1148
2155,59,1355,1331
2156,59,1358,1270
2157,59,1372,1368
2158,59,1375,1418
2159,59,1383,1192
2160,59,1388,1362
2161,59,1390,1143
2162,59,1394,1322
2163,59,1398,1183
2164,59,1417,1449
2165,59,1419,1407
2166,59,1425,1450
2167,59,1426,1117
2168,59,1428,1333
2169,59,1430,1152
2170,59,1433,1200
2171,59,1436,1171
2172,59,1443,1317
2173,59,1447,1291
2174,59,1456,1220
2175,59,1457,1255
2176,59,1465,1410
2177,59,1466,1239
2178,59,1467,1357
2179,60,1123,1405
2180,60,1178,1297
2181,60,1180,1174
2182,60,1222,1416
2183,60,1245,1132
2184,60,1264,1145
2185,60,1310,1193
2186,60,1346,1265
2187,60,1353,1304
2188,60,1371,1207
2189,60,1373,1284
2190,60,1389,1233
2191,60,1409,1396
2192,60,1453,1227
2193,60,1454,1237
2194,60,1458,1326
2195,60,1460,1324
2196,61,1101,1249
2197,61,1103,1185
2198,61,1107,1127
2199,61,1111,1204
2200,61,1112,1113
2201,61,1114,1426
2202,61,1115,1290
2203,61,1116,1401
2204,61,1120,1280
2205,61,1122,1404
2206,61,1124,1400
2207,61,1125,1183
2208,61,1139,1166
2209,61,1140,1258
2210,61,1141,1275
2211,61,1146,1270
2212,61,1150,1292
2213,61,1151,1273
2214,61,1155,1301
2215,61,1156,1464
2216,61,1157,1209
2217,61,1158,1241
2218,61,1161,1461
2219,61,1167,1213
2220,61,1170,1226
2221,61,1179,1232
2222,61,1181,1274
2223,61,1186,1340
2224,61,1192,1136
2225,61,1194,1431
2226,61,1195,1252
2227,61,1196,1104
2228,61,1198,1427
2229,61,1199,1257
2230,61,1201,1363
2231,61,1202,1190
2232,61,1208,1272
2233,61,1210,1314
2234,61,1211,1337
2235,61,1212,1105
2236,61,1214,1149
2237,61,1216,1306
2238,61,1217,1414
2239,61,1220,1189
2240,61,1238,1106
2241,61,1240,1184
2242,61,1242,1452
2243,61,1246,1281
2244,61,1251,1312
2245,61,1256,1379
2246,61,1260,1283
2247,61,1261,1397
2248,61,1262,1420
2249,61,1266,1437
2250,61,1268,1231
2251,61,1271,1224
2252,61,1282,1430
2253,61,1287,1399
2254,61,1288,1175
2255,61,1291,1254
2256,61,1293,1369
2257,61,1294,1285
2258,61,1296,1138
2259,61,1300,1197
2260,61,1303,1331
2261,61,1305,1129
2262,61,1308,1465
2263,61,1311,1358
2264,61,1313,1126
2265,61,1316,1466
2266,61,1317,1267
2267,61,1319,1451
2268,61,1320,1133
2269,61,1323,1393
2270,61,1328,1243
2271,61,1330,1412
2272,61,1332,1428
2273,61,1334,1388
2274,61,1336,1234
2275,61,1339,1362
2276,61,1341,1108
2277,61,1342,1205
2278,61,1343,1335
2279,61,1344,1177
2280,61,1347,1219
2281,61,1352,1467
2282,61,1354,1164
2283,61,1355,1442
2284,61,1356,1229
2285,61,1357,1447
2286,61,1359,1440
2287,61,1361,1429
2288,61,1365,1360
2289,61,1367,1255
2290,61,1368,1394
2291,61,1370,1152
2292,61,1372,1309
2293,61,1374,1435
2294,61,1378,1163
2295,61,1381,1286
2296,61,1384,1148
2297,61,1391,1244
2298,61,1395,1235
2299,61,1398,1188
2300,61,1402,1117
2301,61,1403,1329
2302,61,1406,1423
2303,61,1408,1153
2304,61,1411,1380
2305,61,1418,1407
2306,61,1419,1375
2307,61,1424,1102
2308,61,1434,1191
2309,61,1438,1439
2310,61,1441,1154
2311,61,1443,1349
2312,61,1444,1325
2313,61,1448,1338
2314,61,1450,1417
2315,61,1455,1279
2316,61,1456,1318
2317,61,1457,1144
2318,61,1459,1422
2319,62,1110,1131
2320,62,1137,1248
2321,62,1173,1386
2322,62,1182,1172
2323,62,1193,1145
2324,62,1221,1298
2325,62,1228,1345
2326,62,1237,1453
2327,62,1247,1200
2328,62,1250,1259
2329,62,1264,1310
2330,62,1277,1276
2331,62,1278,1321
2332,62,1284,1233
2333,62,1297,1324
2334,62,1315,1236
2335,62,1322,1223
2336,62,1333,1160
2337,62,1350,1348
2338,62,1351,1373
2339,62,1377,1176
2340,62,1382,1203
2341,62,1387,1269
2342,62,1389,1265
2343,62,1392,1263
2344,62,1433,1206
2345,62,1449,1425
2346,62,1454,1227
2347,62,1460,1178
2348,62,1462,1385
2349,63,1105,1238
2350,63,1108,1411
2351,63,1114,1204
2352,63,1117,1209
2353,63,1126,1224
2354,63,1157,1419
2355,63,1159,1119
2356,63,1212,1106
2357,63,1288,1354
2358,63,1299,1197
2359,63,1313,1164
2360,63,1341,1380
2361,63,1375,1426
2362,63,1407,1402
2363,63,1418,1111
2364,63,1452,1329
2365,64,1102,1429
2366,64,1103,1444
2367,64,1123,1138
2368,64,1124,1403
2369,64,1130,1438
2370,64,1132,1275
2371,64,1141,1296
2372,64,1179,1260
2373,64,1187,1378
2374,64,1196,1376
2375,64,1222,1396
2376,64,1245,1405
2377,64,1246,1208
2378,64,1257,1274
2379,64,1268,1326
2380,64,1283,1229
2381,64,1304,1234
2382,64,1307,1201
2383,64,1320,1232
2384,64,1325,1185
2385,64,1344,1266
2386,64,1346,1351
2387,64,1353,1336
2388,64,1356,1434
2389,64,1395,1243
2390,64,1397,1281
2391,64,1401,1279
2392,64,1437,1166
2393,64,1439,1393
2394,65,1104,1280
2395,65,1110,1119
2396,65,1120,1435
2397,65,1127,1420
2398,65,1129,1424
2399,65,1131,1250
2400,65,1133,1191
2401,65,1144,1421
2402,65,1153,1409
2403,65,1159,1259
2404,65,1163,1408
2405,65,1169,1253
2406,65,1181,1210
2407,65,1182,1386
2408,65,1190,1422
2409,65,1199,1448
2410,65,1202,1151
2411,65,1207,1385
2412,65,1216,1262
2413,65,1228,1458
2414,65,1231,1321
2415,65,1236,1442
2416,65,1242,1235
2417,65,1248,1221
2418,65,1255,1149
2419,65,1261,1116
2420,65,1265,1193
2421,65,1269,1247
2422,65,1270,1101
2423,65,1298,1137
2424,65,1301,1323
2425,65,1303,1315
2426,65,1306,1263
2427,65,1309,1146
2428,65,1311,1249
2429,65,1322,1230
2430,65,1328,1400
2431,65,1338,1314
2432,65,1347,1205
2433,65,1348,1172
2434,65,1355,1176
2435,65,1358,1368
2436,65,1361,1461
2437,65,1363,1305
2438,65,1364,1142
2439,65,1367,1214
2440,65,1371,1462
2441,65,1374,1416
2442,65,1382,1206
2443,65,1387,1203
2444,65,1392,1436
2445,65,1394,1372
2446,65,1441,1440
2447,65,1457,1219
2448,65,1459,1359
2449,65,1465,1167
2450,66,1113,1333
2451,66,1122,1399
2452,66,1125,1369
2453,66,1143,1450
2454,66,1156,1178
2455,66,1158,1189
2456,66,1170,1319
2457,66,1174,1241
2458,66,1184,1183
2459,66,1194,1349
2460,66,1204,1419
2461,66,1209,1418
2462,66,1211,1360
2463,66,1218,1168
2464,66,1220,1318
2465,66,1239,1312
2466,66,1251,1466
2467,66,1252,1244
2468,66,1254,1148
2469,66,1267,1292
2470,66,1276,1345
2471,66,1277,1278
2472,66,1285,1186
2473,66,1286,1225
2474,66,1287,1188
2475,66,1293,1240
2476,66,1294,1451
2477,66,1308,1152
2478,66,1316,1195
2479,66,1317,1198
2480,66,1331,1295
2481,66,1332,1112
2482,66,1352,1383
2483,66,1357,1192
2484,66,1362,1365
2485,66,1373,1389
2486,66,1375,1117
2487,66,1381,1226
2488,66,1384,1447
2489,66,1388,1140
2490,66,1390,1449
2491,66,1402,1157
2492,66,1404,1398
2493,66,1406,1180
2494,66,1407,1114
2495,66,1410,1282
2496,66,1412,1443
2497,66,1415,1413
2498,66,1426,1111
2499,66,1427,1256
2500,66,1431,1379
2501,66,1455,1272
2502,66,1456,1423
2503,66,1464,1324
2504,66,1467,1291
2505,67,1103,1123
2506,67,1138,1275
2507,67,1139,1344
2508,67,1193,1264
2509,67,1233,1351
2510,67,1234,1268
2511,67,1284,1145
2512,67,1297,1227
2513,67,1343,1335
2514,67,1346,1310
2515,67,1460,1237
2516,68,1101,1394
2517,68,1105,1115
2518,68,1106,1290
2519,68,1107,1263
2520,68,1116,1279
2521,68,1117,1407
2522,68,1120,1208
2523,68,1122,1240
2524,68,1124,1242
2525,68,1125,1404
2526,68,1126,1164
2527,68,1131,1119
2528,68,1132,1325
2529,68,1133,1356
2530,68,1137,1221
2531,68,1140,1339
2532,68,1142,1169
2533,68,1143,1449
2534,68,1146,1358
2535,68,1150,1330
2536,68,1151,1359
2537,68,1153,1416
2538,68,1155,1314
2539,68,1157,1426
2540,68,1159,1298
2541,68,1161,1363
2542,68,1166,1462
2543,68,1170,1451
2544,68,1172,1386
2545,68,1173,1269
2546,68,1175,1300
2547,68,1180,1241
2548,68,1181,1448
2549,68,1182,1203
2550,68,1184,1188
2551,68,1187,1374
2552,68,1189,1423
2553,68,1190,1440
2554,68,1195,1391
2555,68,1197,1288
2556,68,1204,1418
2557,68,1206,1247
2558,68,1209,1419
2559,68,1210,1130
2560,68,1211,1258
2561,68,1212,1380
2562,68,1214,1255
2563,68,1226,1319
2564,68,1228,1353
2565,68,1230,1309
2566,68,1231,1326
2567,68,1232,1229
2568,68,1235,1328
2569,68,1238,1108
2570,68,1245,1141
2571,68,1246,1104
2572,68,1248,1259
2573,68,1249,1223
2574,68,1250,1110
2575,68,1251,1239
2576,68,1253,1364
2577,68,1254,1192
2578,68,1256,1431
2579,68,1257,1323
2580,68,1260,1191
2581,68,1261,1280
2582,68,1262,1127
2583,68,1270,1322
2584,68,1281,1196
2585,68,1287,1183
2586,68,1291,1136
2587,68,1293,1399
2588,68,1296,1185
2589,68,1299,1271
2590,68,1307,1102
2591,68,1308,1282
2592,68,1311,1368
2593,68,1312,1316
2594,68,1313,1224
2595,68,1317,1194
2596,68,1320,1283
2597,68,1321,1304
2598,68,1324,1156
2599,68,1331,1315
2600,68,1332,1113
2601,68,1337,1360
2602,68,1340,1286
2603,68,1342,1219
2604,68,1347,1144
2605,68,1348,1433
2606,68,1349,1198
2607,68,1352,1447
2608,68,1355,1236
2609,68,1361,1129
2610,68,1362,1334
2611,68,1365,1388
2612,68,1370,1430
2613,68,1371,1266
2614,68,1375,1114
2615,68,1377,1303
2616,68,1382,1200
2617,68,1384,1383
2618,68,1385,1177
2619,68,1387,1350
2620,68,1390,1450
2621,68,1392,1306
2622,68,1393,1438
2623,68,1395,1329
2624,68,1397,1376
2625,68,1398,1369
2626,68,1400,1243
2627,68,1401,1435
2628,68,1402,1111
2629,68,1405,1444
2630,68,1406,1174
2631,68,1408,1396
2632,68,1409,1222
2633,68,1410,1152
2634,68,1411,1341
2635,68,1412,1267
2636,68,1414,1218
2637,68,1415,1168
2638,68,1421,1149
2639,68,1422,1202
2640,68,1424,1461
2641,68,1425,1417
2642,68,1427,1379
2643,68,1429,1305
2644,68,1434,1179
2645,68,1436,1420
2646,68,1437,1207
2647,68,1439,1301
2648,68,1441,1273
2649,68,1442,1176
2650,68,1443,1292
2651,68,1452,1403
2652,68,1454,1453
2653,68,1456,1158
2654,68,1457,1205
2655,68,1458,1336
2656,68,1459,1154
2657,68,1464,1178
2658,68,1465,1213
2659,68,1466,1252
2660,68,1467,1148
2661,69,1145,1389
2662,69,1160,1428
2663,69,1227,1460
2664,69,1264,1373
2665,69,1272,1378
2666,69,1274,1338
2667,69,1278,1276
2668,69,1297,1237
2669,69,1310,1233
2670,69,1333,1112
2671,69,1345,1277
2672,69,1346,1284
2673,69,1351,1265
2674,69,1455,1163
2675,70,1108,1212
2676,70,1115,1106
2677,70,1126,1288
2678,70,1131,1259
2679,70,1197,1164
2680,70,1285,1340
2681,70,1290,1105
2682,70,1299,1175
2683,70,1300,1271
2684,70,1354,1224
2685,70,1380,1238
2686,71,1103,1296
2687,71,1123,1185
2688,71,1132,1444
2689,71,1138,1325
2690,71,1141,1405
2691,71,1155,1181
2692,71,1173,1433
2693,71,1196,1279
2694,71,1234,1321
2695,71,1242,1328
2696,71,1257,1338
2697,71,1261,1401
2698,71,1275,1245
2699,71,1280,1281
2700,71,1305,1461
2701,71,1326,1304
2702,71,1350,1172
2703,71,1361,1201
2704,71,1403,1243
2705,71,1416,1408
2706,71,1437,1177
2707,71,1439,1448
2708,71,1452,1395
2709,71,1458,1268
2710,72,1102,1129
2711,72,1104,1120
2712,72,1107,1306
2713,72,1110,1137
2714,72,1116,1435
2715,72,1119,1221
2716,72,1124,1235
2717,72,1133,1283
2718,72,1151,1459
2719,72,1161,1307
2720,72,1179,1229
2721,72,1182,1200
2722,72,1190,1359
2723,72,1193,1389
2724,72,1199,1438
2725,72,1202,1441
2726,72,1203,1206
2727,72,1207,1166
2728,72,1208,1397
2729,72,1216,1392
2730,72,1222,1374
2731,72,1232,1191
2732,72,1248,1159
2733,72,1254,1383
2734,72,1263,1262
2735,72,1266,1462
2736,72,1270,1230
2737,72,1273,1440
2738,72,1278,1336
2739,72,1295,1377
2740,72,1298,1250
2741,72,1301,1274
2742,72,1309,1223
2743,72,1320,1434
2744,72,1322,1311
2745,72,1323,1210
2746,72,1344,1385
2747,72,1348,1386
2748,72,1353,1231
2749,72,1355,1315
2750,72,1357,1148
2751,72,1358,1249
2752,72,1368,1394
2753,72,1371,1139
2754,72,1372,1146
2755,72,1376,1246
2756,72,1382,1269
2757,72,1384,1192
2758,72,1390,1417
2759,72,1393,1130
2760,72,1396,1455
2761,72,1400,1329
2762,72,1409,1187
2763,72,1414,1168
2764,72,1422,1154
2765,72,1424,1363
2766,72,1431,1427
2767,72,1436,1127
2768,72,1467,1136
2769,73,1111,1117
2770,73,1112,1428
2771,73,1114,1157
2772,73,1122,1369
2773,73,1125,1184
2774,73,1140,1360
2775,73,1149,1144
2776,73,1150,1267
2777,73,1160,1113
2778,73,1167,1282
2779,73,1169,1415
2780,73,1178,1454
2781,73,1180,1189
2782,73,1183,1240
2783,73,1186,1225
2784,73,1194,1292
2785,73,1195,1244
2786,73,1198,1412
2787,73,1204,1407
2788,73,1209,1375
2789,73,1211,1365
2790,73,1213,1152
2791,73,1219,1421
2792,73,1220,1423
2793,73,1256,1349
2794,73,1260,1356
2795,73,1264,1346
2796,73,1272,1153
2797,73,1284,1265
2798,73,1293,1404
2799,73,1294,1170
2800,73,1297,1464
2801,73,1308,1430
2802,73,1312,1252
2803,73,1316,1239
2804,73,1317,1379
2805,73,1318,1158
2806,73,1319,1381
2807,73,1331,1442
2808,73,1334,1339
2809,73,1337,1258
2810,73,1342,1255
2811,73,1347,1367
2812,73,1370,1410
2813,73,1391,1466
2814,73,1398,1287
2815,73,1399,1188
2816,73,1402,1419
2817,73,1413,1253
2818,73,1425,1143
2819,73,1426,1418
2820,73,1443,1330
2821,73,1449,1333
2822,73,1450,1332
2823,73,1451,1226
2824,73,1453,1324
2825,73,1456,1174
2826,73,1457,1214
2827,73,1460,1156
2828,74,1145,1373
2829,74,1173,1387
2830,74,1218,1142
2831,74,1233,1193
2832,74,1234,1276
2833,74,1277,1458
2834,74,1310,1351
2835,74,1459,1202
2836,74,1463,1135
2837,75,1101,1368
2838,75,1104,1281
2839,75,1106,1105
2840,75,1108,1290
2841,75,1110,1221
2842,75,1112,1160
2843,75,1113,1428
2844,75,1114,1111
2845,75,1117,1157
2846,75,1119,1259
2847,75,1122,1404
2848,75,1123,1275
2849,75,1124,1329
2850,75,1125,1287
2851,75,1129,1429
2852,75,1132,1296
2853,75,1137,1250
2854,75,1138,1141
2855,75,1144,1255
2856,75,1149,1219
2857,75,1158,1220
2858,75,1159,1131
2859,75,1161,1102
2860,75,1162,1165
2861,75,1164,1299
2862,75,1166,1344
2863,75,1167,1152
2864,75,1168,1253
2865,75,1174,1189
2866,75,1176,1303
2867,75,1177,1139
2868,75,1180,1456
2869,75,1183,1399
2870,75,1184,1398
2871,75,1186,1286
2872,75,1190,1441
2873,75,1196,1120
2874,75,1198,1292
2875,75,1199,1274
2876,75,1201,1461
2877,75,1203,1269
2878,75,1205,1367
2879,75,1211,1140
2880,75,1213,1282
2881,75,1214,1421
2882,75,1217,1171
2883,75,1218,1364
2884,75,1222,1455
2885,75,1227,1237
2886,75,1228,1321
2887,75,1231,1304
2888,75,1240,1188
2889,75,1242,1400
2890,75,1243,1452
2891,75,1246,1116
2892,75,1251,1252
2893,75,1254,1136
2894,75,1257,1181
2895,75,1261,1279
2896,75,1266,1207
2897,75,1267,1330
2898,75,1268,1345
2899,75,1270,1309
2900,75,1273,1359
2901,75,1280,1208
2902,75,1283,1191
2903,75,1284,1264
2904,75,1285,1225
2905,75,1288,1224
2906,75,1291,1148
2907,75,1293,1369
2908,75,1297,1156
2909,75,1298,1248
2910,75,1300,1126
2911,75,1301,1155
2912,75,1306,1420
2913,75,1308,1370
2914,75,1311,1146
2915,75,1312,1244
2916,75,1313,1271
2917,75,1317,1256
2918,75,1319,1294
2919,75,1320,1133
2920,75,1325,1185
2921,75,1328,1395
2922,75,1331,1236
2923,75,1332,1449
2924,75,1336,1326
2925,75,1338,1314
2926,75,1340,1226
2927,75,1341,1212
2928,75,1347,1342
2929,75,1348,1247
2930,75,1350,1206
2931,75,1354,1197
2932,75,1358,1223
2933,75,1360,1339
2934,75,1361,1305
2935,75,1362,1258
2936,75,1365,1334
2937,75,1371,1385
2938,75,1372,1230
2939,75,1374,1396
2940,75,1375,1204
2941,75,1376,1401
2942,75,1379,1349
2943,75,1380,1115
2944,75,1381,1170
2945,75,1383,1447
2946,75,1384,1357
2947,75,1386,1335
2948,75,1388,1337
2949,75,1389,1346
2950,75,1391,1239
2951,75,1392,1107
2952,75,1393,1439
2953,75,1394,1249
2954,75,1397,1435
2955,75,1402,1418
2956,75,1403,1235
2957,75,1405,1103
2958,75,1406,1241
2959,75,1407,1209
2960,75,1409,1408
2961,75,1411,1238
2962,75,1412,1194
2963,75,1413,1169
2964,75,1414,1415
2965,75,1416,1378
2966,75,1422,1151
2967,75,1423,1318
2968,75,1424,1307
2969,75,1425,1390
2970,75,1426,1419
2971,75,1427,1431
2972,75,1430,1410
2973,75,1433,1382
2974,75,1434,1232
2975,75,1436,1216
2976,75,1437,1163
2977,75,1438,1210
2978,75,1440,1154
2979,75,1443,1150
2980,75,1444,1245
2981,75,1450,1333
2982,75,1453,1178
2983,75,1454,1324
2984,75,1460,1464
2985,75,1466,1195
2986,75,1467,1352
2987,76,1145,1351
2988,76,1153,1187
2989,76,1172,1200
2990,76,1260,1229
2991,76,1263,1127
2992,76,1265,1233
2993,76,1295,1315
2994,76,1310,1373
2995,76,1353,1278
2996,76,1356,1179
2997,76,1377,1355
2998,76,1417,1143
2999,76,1448,1130
3000,77,1108,1115
3001,77,1124,1328
3002,77,1159,1137
3003,77,1192,1148
3004,77,1197,1300
3005,77,1205,1214
3006,77,1219,1367
3007,77,1291,1383
3008,77,1299,1288
3009,77,1301,1438
3010,77,1317,1349
3011,77,1330,1150
3012,77,1340,1451
3013,77,1341,1238
3014,77,1342,1144
3015,77,1352,1357
3016,77,1354,1271
3017,77,1380,1290
3018,77,1411,1212
3019,77,1421,1255
3020,77,1447,1254
3021,77,1452,1400
3022,77,1457,1347
3023,77,1463,1224
3024,77,1467,1384
3025,78,1103,1275
3026,78,1132,1185
3027,78,1138,1444
3028,78,1155,1448
3029,78,1181,1274
3030,78,1228,1345
3031,78,1235,1329
3032,78,1242,1243
3033,78,1246,1208
3034,78,1261,1196
3035,78,1266,1385
3036,78,1268,1321
3037,78,1296,1245
3038,78,1307,1363
3039,78,1361,1461
3040,78,1395,1403
3041,78,1397,1279
3042,78,1401,1281
3043,78,1405,1325
3044,78,1429,1102
3045,78,1433,1386
3046,78,1437,1139
3047,78,1455,1378
3048,78,1458,1304
3049,79,1104,1435
3050,79,1107,1262
3051,79,1110,1259
3052,79,1114,1407
3053,79,1119,1248
3054,79,1120,1376
3055,79,1127,1392
3056,79,1133,1229
3057,79,1151,1154
3058,79,1153,1396
3059,79,1161,1201
3060,79,1166,1177
3061,79,1168,1413
3062,79,1169,1364
3063,79,1172,1387
3064,79,1173,1382
3065,79,1179,1191
3066,79,1200,1203
3067,79,1202,1359
3068,79,1206,1269
3069,79,1221,1250
3070,79,1234,1353
3071,79,1249,1230
3072,79,1253,1414
3073,79,1257,1210
3074,79,1260,1232
3075,79,1265,1264
3076,79,1270,1368
3077,79,1273,1441
3078,79,1280,1116
3079,79,1298,1131
3080,79,1305,1424
3081,79,1311,1223
3082,79,1336,1276
3083,79,1338,1130
3084,79,1348,1182
3085,79,1350,1247
3086,79,1355,1295
3087,79,1356,1320
3088,79,1358,1101
3089,79,1371,1344
3090,79,1372,1322
3091,79,1374,1187
3092,79,1393,1323
3093,79,1394,1309
3094,79,1409,1272
3095,79,1420,1216
3096,79,1436,1263
3097,79,1439,1314
3098,79,1443,1267
3099,79,1459,1440
3100,79,1462,1207
3101,79,1465,1152
3102,80,1117,1375
3103,80,1122,1398
3104,80,1136,1447
3105,80,1140,1334
3106,80,1149,1342
3107,80,1150,1194
3108,80,1160,1450
3109,80,1167,1430
3110,80,1170,1340
3111,80,1174,1220
3112,80,1178,1237
3113,80,1183,1404
3114,80,1184,1240
3115,80,1188,1369
3116,80,1198,1330
3117,80,1205,1219
3118,80,1213,1370
3119,80,1214,1144
3120,80,1222,1163
3121,80,1227,1324
3122,80,1231,1277
3123,80,1239,1252
3124,80,1254,1384
3125,80,1256,1292
3126,80,1258,1339
3127,80,1278,1326
3128,80,1283,1434
3129,80,1285,1226
3130,80,1286,1451
3131,80,1293,1125
3132,80,1303,1442
3133,80,1315,1176
3134,80,1316,1251
3135,80,1317,1427
3136,80,1318,1180
3137,80,1332,1425
3138,80,1337,1365
3139,80,1357,1148
3140,80,1377,1236
3141,80,1379,1412
3142,80,1383,1352
3143,80,1388,1362
3144,80,1391,1312
3145,80,1399,1287
3146,80,1406,1189
3147,80,1415,1142
3148,80,1417,1333
3149,80,1421,1347
3150,80,1428,1449
3151,80,1431,1349
3152,80,1453,1156
3153,80,1454,1464
3154,80,1456,1241
3155,80,1457,1367
3156,80,1466,1244
3157,80,1467,1192
3158,81,1139,1266
3159,81,1233,1145
3160,81,1245,1138
3161,81,1284,1310
3162,81,1345,1458
3163,81,1346,1193
3164,81,1351,1389
3165,81,1373,1265
3166,81,1460,1297
3167,81,1463,1135
3168,82,1101,1146
3169,82,1103,1325
3170,82,1104,1243
3171,82,1108,1105
3172,82,1111,1157
3173,82,1113,1112
3174,82,1114,1375
3175,82,1116,1395
3176,82,1117,1407
3177,82,1119,1298
3178,82,1120,1235
3179,82,1122,1125
3180,82,1124,1196
3181,82,1129,1201
3182,82,1130,1439
3183,82,1131,1221
3184,82,1132,1405
3185,82,1137,1259
3186,82,1141,1123
3187,82,1148,1447
3188,82,1149,1205
3189,82,1150,1198
3190,82,1156,1454
3191,82,1159,1110
3192,82,1160,1449
3193,82,1165,1162
3194,82,1168,1169
3195,82,1172,1206
3196,82,1173,1350
3197,82,1174,1318
3198,82,1178,1227
3199,82,1183,1369
3200,82,1184,1399
3201,82,1186,1381
3202,82,1187,1408
3203,82,1189,1241
3204,82,1190,1151
3205,82,1197,1224
3206,82,1199,1323
3207,82,1202,1154
3208,82,1203,1386
3209,82,1209,1204
3210,82,1210,1301
3211,82,1211,1334
3212,82,1216,1107
3213,82,1217,1171
3214,82,1218,1413
3215,82,1220,1180
3216,82,1228,1276
3217,82,1232,1133
3218,82,1237,1324
3219,82,1238,1212
3220,82,1239,1244
3221,82,1240,1287
3222,82,1242,1397
3223,82,1246,1403
3224,82,1248,1250
3225,82,1252,1316
3226,82,1255,1219
3227,82,1256,1412
3228,82,1257,1155
3229,82,1261,1400
3230,82,1269,1182
3231,82,1270,1223
3232,82,1273,1440
3233,82,1275,1185
3234,82,1279,1208
3235,82,1282,1465
3236,82,1286,1226
3237,82,1288,1164
3238,82,1291,1136
3239,82,1292,1379
3240,82,1293,1398
3241,82,1294,1225
3242,82,1295,1176
3243,82,1296,1444
3244,82,1299,1126
3245,82,1300,1175
3246,82,1303,1236
3247,82,1305,1307
3248,82,1306,1127
3249,82,1308,1410
3250,82,1311,1309
3251,82,1312,1195
3252,82,1313,1354
3253,82,1314,1274
3254,82,1315,1442
3255,82,1317,1431
3256,82,1319,1340
3257,82,1328,1280
3258,82,1329,1401
3259,82,1330,1194
3260,82,1335,1396
3261,82,1337,1339
3262,82,1341,1115
3263,82,1347,1214
3264,82,1348,1382
3265,82,1352,1254
3266,82,1353,1304
3267,82,1356,1229
3268,82,1357,1192
3269,82,1362,1140
3270,82,1363,1102
3271,82,1364,1415
3272,82,1365,1360
3273,82,1367,1421
3274,82,1368,1322
3275,82,1370,1167
3276,82,1372,1249
3277,82,1374,1272
3278,82,1376,1435
3279,82,1377,1331
3280,82,1380,1106
3281,82,1383,1384
3282,82,1385,1177
3283,82,1388,1258
3284,82,1391,1251
3285,82,1393,1338
3286,82,1394,1230
3287,82,1404,1188
3288,82,1406,1456
3289,82,1411,1290
3290,82,1414,1142
3291,82,1418,1419
3292,82,1420,1263
3293,82,1422,1359
3294,82,1423,1158
3295,82,1425,1333
3296,82,1426,1402
3297,82,1427,1349
3298,82,1428,1450
3299,82,1429,1161
3300,82,1430,1213
3301,82,1433,1247
3302,82,1436,1262
3303,82,1437,1344
3304,82,1441,1459
3305,82,1443,1267
3306,82,1451,1285
3307,82,1452,1281
3308,82,1455,1416
3309,82,1457,1342
3310,82,1464,1453
3311,83,1143,1390
3312,83,1166,1462
3313,83,1179,1283
3314,83,1193,1145
3315,83,1222,1378
3316,83,1268,1231
3317,83,1277,1278
3318,83,1284,1233
3319,83,1320,1260
3320,83,1326,1321
3321,83,1332,1417
3322,83,1351,1264
3323,83,1361,1424
3324,83,1373,1346
3325,83,1387,1200
3326,83,1389,1310
3327,83,1409,1163
3328,83,1434,1191
3329,83,1438,1448
3330,84,1108,1106
3331,84,1110,1250
3332,84,1126,1354
3333,84,1164,1224
3334,84,1186,1294
3335,84,1234,1458
3336,84,1242,1329
3337,84,1288,1271
3338,84,1299,1175
3339,84,1313,1197
3340,84,1314,1301
3341,84,1319,1170
3342,84,1341,1290
3343,84,1380,1105
3344,84,1381,1225
3345,84,1411,1115
3346,85,1120,1279
3347,85,1132,1123
3348,85,1138,1103
3349,85,1139,1207
3350,85,1153,1374
3351,85,1155,1393
3352,85,1181,1338
3353,85,1201,1102
3354,85,1245,1405
3355,85,1274,1439
3356,85,1276,1304
3357,85,1280,1196
3358,85,1281,1208
3359,85,1296,1325
3360,85,1348,1206
3361,85,1353,1345
3362,85,1401,1397
3363,85,1429,1461
3364,85,1433,1350
3365,85,1437,1385
3366,85,1438,1199
3367,86,1107,1420
3368,86,1119,1137
3369,86,1124,1235
3370,86,1129,1363
3371,86,1131,1259
3372,86,1133,1434
3373,86,1146,1368
3374,86,1151,1359
3375,86,1161,1305
3376,86,1163,1396
3377,86,1173,1182
3378,86,1202,1440
3379,86,1203,1172
3380,86,1216,1127
3381,86,1222,1187
3382,86,1229,1191
3383,86,1230,1223
3384,86,1232,1179
3385,86,1243,1328
3386,86,1246,1435
3387,86,1248,1159
3388,86,1257,1130
3389,86,1261,1104
3390,86,1266,1462
3391,86,1269,1386
3392,86,1270,1311
3393,86,1272,1416
3394,86,1273,1190
3395,86,1277,1321
3396,86,1298,1221
3397,86,1320,1283
3398,86,1322,1309
3399,86,1323,1448
3400,86,1336,1231
3401,86,1355,1331
3402,86,1356,1260
3403,86,1358,1394
3404,86,1361,1307
3405,86,1371,1177
3406,86,1372,1101
3407,86,1376,1116
3408,86,1378,1408
3409,86,1382,1200
3410,86,1387,1247
3411,86,1389,1284
3412,86,1392,1262
3413,86,1400,1395
3414,86,1403,1452
3415,86,1422,1441
3416,86,1436,1306
3417,86,1450,1113
3418,86,1459,1154
3419,86,1465,1430
3420,87,1111,1117
3421,87,1112,1449
3422,87,1114,1157
3423,87,1122,1188
3424,87,1125,1399
3425,87,1140,1337
3426,87,1142,1168
3427,87,1156,1237
3428,87,1158,1241
3429,87,1169,1364
3430,87,1184,1404
3431,87,1192,1447
3432,87,1194,1443
3433,87,1195,1239
3434,87,1204,1407
3435,87,1205,1421
3436,87,1209,1375
3437,87,1211,1365
3438,87,1213,1410
3439,87,1219,1144
3440,87,1220,1189
3441,87,1227,1464
3442,87,1228,1278
3443,87,1236,1315
3444,87,1251,1244
3445,87,1256,1150
3446,87,1267,1198
3447,87,1268,1234
3448,87,1287,1369
3449,87,1293,1183
3450,87,1294,1226
3451,87,1295,1442
3452,87,1308,1167
3453,87,1316,1391
3454,87,1330,1379
3455,87,1332,1143
3456,87,1333,1390
3457,87,1334,1258
3458,87,1340,1285
3459,87,1347,1255
3460,87,1352,1136
3461,87,1357,1291
3462,87,1362,1360
3463,87,1367,1342
3464,87,1377,1176
3465,87,1384,1148
3466,87,1388,1339
3467,87,1398,1240
3468,87,1402,1419
3469,87,1406,1423
3470,87,1412,1427
3471,87,1414,1413
3472,87,1415,1253
3473,87,1417,1160
3474,87,1418,1426
3475,87,1425,1428
3476,87,1431,1292
3477,87,1451,1381
3478,87,1456,1318
3479,87,1457,1149
3480,87,1466,1312
3481,87,1467,1383
3482,88,1132,1138
3483,88,1135,1165
3484,88,1245,1103
3485,88,1265,1310
3486,88,1297,1453
3487,88,1324,1178
3488,88,1335,1217
3489,88,1343,1171
3490,88,1346,1145
3491,88,1348,1433
3492,88,1351,1193
3493,88,1373,1233
3494,88,1389,1264
3495,88,1460,1454
3496,88,1463,1162
3497,89,1101,1230
3498,89,1106,1341
3499,89,1112,1450
3500,89,1113,1449
3501,89,1114,1111
3502,89,1116,1104
3503,89,1119,1250
3504,89,1120,1246
3505,89,1122,1183
3506,89,1123,1325
3507,89,1124,1395
3508,89,1125,1240
3509,89,1129,1305
3510,89,1130,1314
3511,89,1131,1137
3512,89,1135,1162
3513,89,1140,1388
3514,89,1141,1444
3515,89,1143,1333
3516,89,1146,1322
3517,89,1153,1222
3518,89,1157,1117
3519,89,1158,1406
3520,89,1159,1221
3521,89,1160,1425
3522,89,1161,1424
3523,89,1166,1437
3524,89,1172,1269
3525,89,1173,1200
3526,89,1174,1180
3527,89,1175,1164
3528,89,1181,1393
3529,89,1184,1369
3530,89,1185,1405
3531,89,1186,1170
3532,89,1189,1318
3533,89,1190,1422
3534,89,1192,1291
3535,89,1194,1267
3536,89,1196,1435
3537,89,1197,1126
3538,89,1198,1443
3539,89,1199,1439
3540,89,1201,1307
3541,89,1208,1401
3542,89,1211,1362
3543,89,1212,1115
3544,89,1214,1342
3545,89,1216,1263
3546,89,1218,1169
3547,89,1220,1456
3548,89,1223,1394
3549,89,1227,1156
3550,89,1232,1283
3551,89,1238,1290
3552,89,1239,1466
3553,89,1241,1423
3554,89,1242,1403
3555,89,1248,1110
3556,89,1249,1270
3557,89,1251,1195
3558,89,1255,1205
3559,89,1256,1330
3560,89,1257,1301
3561,89,1259,1298
3562,89,1260,1133
3563,89,1261,1279
3564,89,1262,1306
3565,89,1266,1177
3566,89,1272,1163
3567,89,1273,1154
3568,89,1276,1353
3569,89,1280,1397
3570,89,1282,1152
3571,89,1285,1286
3572,89,1287,1404
3573,89,1288,1224
3574,89,1292,1427
3575,89,1293,1188
3576,89,1294,1451
3577,89,1295,1236
3578,89,1296,1275
3579,89,1299,1313
3580,89,1300,1354
3581,89,1308,1213
3582,89,1309,1368
3583,89,1316,1244
3584,89,1319,1225
3585,89,1320,1191
3586,89,1323,1210
3587,89,1326,1231
3588,89,1328,1329
3589,89,1331,1176
3590,89,1334,1360
3591,89,1335,1171
3592,89,1336,1304
3593,89,1337,1258
3594,89,1343,1217
3595,89,1344,1139
3596,89,1345,1321
3597,89,1347,1149
3598,89,1349,1317
3599,89,1350,1203
3600,89,1352,1148
3601,89,1355,1442
3602,89,1356,1179
3603,89,1357,1383
3604,89,1361,1429
3605,89,1364,1253
3606,89,1365,1339
3607,89,1367,1144
3608,89,1372,1358
3609,89,1374,1408
3610,89,1375,1204
3611,89,1376,1281
3612,89,1378,1416
3613,89,1379,1150
3614,89,1380,1108
3615,89,1381,1226
3616,89,1382,1206
3617,89,1384,1136
3618,89,1387,1386
3619,89,1390,1332
3620,89,1391,1252
3621,89,1392,1420
3622,89,1396,1187
3623,89,1398,1399
3624,89,1400,1235
3625,89,1402,1418
3626,89,1407,1209
3627,89,1409,1455
3628,89,1410,1167
3629,89,1411,1105
3630,89,1412,1431
3631,89,1413,1142
3632,89,1414,1168
3633,89,1426,1419
3634,89,1434,1229
3635,89,1436,1107
3636,89,1441,1151
3637,89,1448,1155
3638,89,1452,1243
3639,89,1457,1421
3640,89,1458,1277
3641,89,1459,1359
3642,89,1461,1363
3643,89,1462,1371
3644,89,1463,1165
3645,89,1464,1237
3646,89,1465,1370
3647,89,1467,1254
3648,90,1145,1265
3649,90,1182,1247
3650,90,1207,1385
3651,90,1234,1228
3652,90,1264,1233
3653,90,1284,1351
3654,90,1297,1454
3655,90,1310,1346
3656,90,1338,1274
3657,90,1377,1303
3658,90,1389,1373
3659,90,1417,1428
3660,90,1453,1460
3661,91,1106,1411
3662,91,1124,1243
3663,91,1164,1224
3664,91,1186,1319
3665,91,1199,1314
3666,91,1212,1290
3667,91,1225,1170
3668,91,1238,1115
3669,91,1242,1400
3670,91,1248,1137
3671,91,1271,1175
3672,91,1299,1354
3673,91,1300,1313
3674,91,1341,1105
3675,92,1120,1116
3676,92,1123,1245
3677,92,1129,1461
3678,92,1141,1132
3679,92,1161,1201
3680,92,1181,1130
3681,92,1185,1138
3682,92,1193,1284
3683,92,1210,1439
3684,92,1246,1280
3685,92,1268,1353
3686,92,1296,1405
3687,92,1305,1102
3688,92,1326,1276
3689,92,1336,1277
3690,92,1348,1269
3691,92,1397,1104
3692,92,1401,1281
3693,92,1403,1328
3694,92,1444,1275
3695,92,1462,1177
3696,93,1107,1127
3697,93,1110,1298
3698,93,1131,1119
3699,93,1139,1437
3700,93,1142,1253
3701,93,1159,1250
3702,93,1168,1415
3703,93,1179,1133
3704,93,1182,1387
3705,93,1190,1151
3706,93,1196,1208
3707,93,1198,1194
3708,93,1202,1273
3709,93,1223,1368
3710,93,1230,1358
3711,93,1232,1260
3712,93,1236,1442
3713,93,1249,1146
3714,93,1257,1448
3715,93,1259,1221
3716,93,1272,1396
3717,93,1278,1458
3718,93,1279,1376
3719,93,1283,1229
3720,93,1295,1303
3721,93,1301,1274
3722,93,1320,1434
3723,93,1322,1101
3724,93,1323,1338
3725,93,1329,1395
3726,93,1344,1166
3727,93,1345,1234
3728,93,1356,1191
3729,93,1371,1207
3730,93,1372,1311
3731,93,1382,1203
3732,93,1392,1262
3733,93,1394,1270
3734,93,1420,1216
3735,93,1422,1154
3736,93,1429,1424
3737,93,1435,1261
3738,93,1436,1263
3739,93,1438,1155
3740,93,1441,1359
3741,93,1452,1235
3742,93,1459,1440
3743,94,1111,1426
3744,94,1112,1425
3745,94,1113,1417
3746,94,1125,1293
3747,94,1136,1383
3748,94,1140,1339
3749,94,1150,1431
3750,94,1153,1455
3751,94,1158,1456
3752,94,1160,1143
3753,94,1163,1409
3754,94,1174,1406
3755,94,1180,1241
3756,94,1184,1183
3757,94,1189,1423
3758,94,1204,1419
3759,94,1211,1258
3760,94,1219,1214
3761,94,1222,1408
3762,94,1251,1239
3763,94,1252,1466
3764,94,1255,1149
3765,94,1267,1379
3766,94,1285,1186
3767,94,1286,1225
3768,94,1287,1188
3769,94,1291,1254
3770,94,1294,1381
3771,94,1297,1324
3772,94,1308,1152
3773,94,1315,1331
3774,94,1316,1312
3775,94,1317,1292
3776,94,1319,1226
3777,94,1334,1362
3778,94,1337,1365
3779,94,1342,1205
3780,94,1349,1412
3781,94,1352,1447
3782,94,1364,1218
3783,94,1369,1240
3784,94,1384,1357
3785,94,1388,1360
3786,94,1391,1195
3787,94,1398,1122
3788,94,1402,1157
3789,94,1404,1399
3790,94,1410,1282
3791,94,1414,1413
3792,94,1416,1187
3793,94,1418,1209
3794,94,1421,1367
3795,94,1427,1330
3796,94,1428,1390
3797,94,1443,1256
3798,94,1451,1170
3799,94,1453,1237
3800,94,1454,1227
3801,94,1457,1144
3802,94,1460,1178
3803,94,1465,1167
3804,94,1467,1192
3805,95,1135,1171
3806,95,1165,1343
3807,95,1217,1463
3808,95,1233,1346
3809,95,1264,1310
3810,95,1265,1389
3811,95,1268,1228
3812,95,1335,1162
3813,95,1351,1145
3814,95,1373,1193
3815,95,1433,1172
3816,96,1101,1249
3817,96,1103,1185
3818,96,1104,1208
3819,96,1105,1115
3820,96,1106,1290
3821,96,1110,1119
3822,96,1111,1402
3823,96,1113,1425
3824,96,1114,1117
3825,96,1120,1261
3826,96,1124,1329
3827,96,1125,1122
3828,96,1126,1299
3829,96,1130,1439
3830,96,1131,1221
3831,96,1132,1405
3832,96,1135,1217
3833,96,1136,1148
3834,96,1138,1141
3835,96,1140,1362
3836,96,1142,1218
3837,96,1144,1342
3838,96,1146,1270
3839,96,1149,1214
3840,96,1150,1427
3841,96,1151,1459
3842,96,1157,1426
3843,96,1159,1298
3844,96,1160,1390
3845,96,1166,1385
3846,96,1169,1415
3847,96,1170,1226
3848,96,1173,1387
3849,96,1174,1241
3850,96,1181,1314
3851,96,1183,1287
3852,96,1186,1286
3853,96,1187,1408
3854,96,1188,1184
3855,96,1189,1158
3856,96,1190,1273
3857,96,1197,1224
3858,96,1198,1194
3859,96,1199,1274
3860,96,1202,1441
3861,96,1204,1418
3862,96,1205,1367
3863,96,1207,1177
3864,96,1209,1419
3865,96,1211,1388
3866,96,1212,1380
3867,96,1213,1465
3868,96,1220,1318
3869,96,1227,1453
3870,96,1229,1232
3871,96,1230,1368
3872,96,1234,1304
3873,96,1235,1243
3874,96,1236,1176
3875,96,1238,1108
3876,96,1239,1312
3877,96,1240,1404
3878,96,1242,1395
3879,96,1246,1397
3880,96,1247,1386
3881,96,1250,1248
3882,96,1251,1466
3883,96,1252,1244
3884,96,1254,1467
3885,96,1257,1438
3886,96,1259,1137
3887,96,1263,1127
3888,96,1267,1256
3889,96,1276,1277
3890,96,1279,1196
3891,96,1280,1435
3892,96,1281,1116
3893,96,1285,1225
3894,96,1288,1271
3895,96,1293,1398
3896,96,1295,1331
3897,96,1296,1245
3898,96,1297,1178
3899,96,1300,1164
3900,96,1305,1363
3901,96,1306,1392
3902,96,1307,1461
3903,96,1308,1282
3904,96,1311,1358
3905,96,1313,1175
3906,96,1316,1195
3907,96,1317,1412
3908,96,1320,1179
3909,96,1322,1223
3910,96,1325,1275
3911,96,1328,1452
3912,96,1330,1431
3913,96,1333,1332
3914,96,1334,1337
3915,96,1336,1278
3916,96,1338,1210
3917,96,1341,1411
3918,96,1345,1231
3919,96,1347,1219
3920,96,1348,1203
3921,96,1349,1292
3922,96,1350,1200
3923,96,1352,1357
3924,96,1355,1303
3925,96,1356,1283
3926,96,1360,1339
3927,96,1361,1102
3928,96,1364,1414
3929,96,1370,1430
3930,96,1371,1437
3931,96,1372,1309
3932,96,1375,1407
3933,96,1376,1401
3934,96,1377,1315
3935,96,1378,1272
3936,96,1381,1340
3937,96,1382,1182
3938,96,1383,1291
3939,96,1384,1447
3940,96,1393,1448
3941,96,1396,1374
3942,96,1399,1369
3943,96,1403,1400
3944,96,1406,1180
3945,96,1410,1152
3946,96,1413,1168
3947,96,1417,1112
3948,96,1420,1262
3949,96,1423,1456
3950,96,1424,1201
3951,96,1428,1143
3952,96,1429,1129
3953,96,1436,1216
3954,96,1440,1154
3955,96,1443,1379
3956,96,1444,1123
3957,96,1451,1319
3958,96,1454,1237
3959,96,1457,1255
3960,96,1460,1324
3961,96,1462,1344
3962,96,1463,1171
3963,96,1464,1156
3964,97,1133,1191
3965,97,1163,1153
3966,97,1222,1455
3967,97,1233,1193
3968,97,1260,1434
3969,97,1264,1346
3970,97,1266,1139
3971,97,1269,1206
3972,97,1323,1155
3973,97,1335,1165
3974,97,1343,1162
3975,97,1351,1310
3976,97,1353,1321
3977,97,1389,1284
3978,97,1416,1409
3979,97,1422,1359
3980,97,1450,1449
3981,97,1458,1326
3982,98,1106,1115
3983,98,1124,1400
3984,98,1126,1224
3985,98,1159,1131
3986,98,1164,1271
3987,98,1181,1199
3988,98,1197,1299
3989,98,1205,1219
3990,98,1212,1108
3991,98,1214,1421
3992,98,1238,1380
3993,98,1255,1144
3994,98,1290,1105
3995,98,1300,1288
3996,98,1340,1294
3997,98,1347,1457
3998,98,1354,1175
3999,98,1367,1149
4000,98,1403,1395
4001,99,1103,1132
4002,99,1123,1296
4003,99,1129,1102
4004,99,1172,1200
4005,99,1173,1348
4006,99,1185,1141
4007,99,1246,1435
4008,99,1261,1281
4009,99,1268,1304
4010,99,1277,1228
4011,99,1279,1280
4012,99,1301,1393
4013,99,1325,1444
4014,99,1329,1243
4015,99,1336,1345
4016,99,1361,1307
4017,99,1382,1386
4018,99,1397,1116
4019,99,1405,1275
4020,99,1429,1161
4021,99,1438,1323
4022,99,1448,1314
4023,100,1101,1223
4024,100,1110,1259
4025,100,1119,1248
4026,100,1120,1104
4027,100,1133,1232
4028,100,1139,1462
4029,100,1146,1309
4030,100,1151,1440
4031,100,1155,1338
4032,100,1166,1371
4033,100,1190,1154
4034,100,1196,1401
4035,100,1201,1363
4036,100,1202,1359
4037,100,1206,1433
4038,100,1210,1257
4039,100,1216,1107
4040,100,1222,1378
4041,100,1242,1452
4042,100,1250,1221
4043,100,1260,1191
4044,100,1262,1263
4045,100,1273,1459
4046,100,1274,1130
4047,100,1276,1321
4048,100,1283,1179
4049,100,1298,1137
4050,100,1305,1424
4051,100,1310,1145
4052,100,1311,1249
4053,100,1320,1229
4054,100,1322,1230
4055,100,1326,1353
4056,100,1328,1235
4057,100,1331,1303
4058,100,1350,1247
4059,100,1358,1368
4060,100,1372,1394
4061,100,1374,1163
4062,100,1376,1208
4063,100,1377,1442
4064,100,1385,1344
4065,100,1392,1127
4066,100,1396,1408
4067,100,1409,1187
4068,100,1412,1292
4069,100,1414,1415
4070,100,1422,1441
4071,100,1434,1356
4072,100,1436,1306
4073,100,1437,1266
4074,101,1112,1143
4075,101,1113,1390
4076,101,1122,1293
4077,101,1125,1398
4078,101,1140,1258
4079,101,1144,1214
4080,101,1149,1219
4081,101,1153,1272
4082,101,1167,1152
4083,101,1169,1142
4084,101,1170,1381
4085,101,1174,1189
4086,101,1184,1287
4087,101,1188,1183
4088,101,1192,1447
4089,101,1195,1244
4090,101,1204,1157
4091,101,1205,1457
4092,101,1209,1111
4093,101,1213,1282
4094,101,1220,1158
4095,101,1225,1186
4096,101,1231,1234
4097,101,1252,1312
4098,101,1253,1218
4099,101,1254,1148
4100,101,1256,1198
4101,101,1285,1451
4102,101,1286,1226
4103,101,1294,1319
4104,101,1308,1370
4105,101,1316,1239
4106,101,1317,1150
4107,101,1318,1423
4108,101,1324,1156
4109,101,1330,1349
4110,101,1332,1160
4111,101,1333,1428
4112,101,1334,1339
4113,101,1337,1360
4114,101,1347,1342
4115,101,1352,1291
4116,101,1357,1136
4117,101,1362,1365
4118,101,1369,1404
4119,101,1375,1418
4120,101,1379,1194
4121,101,1391,1466
4122,101,1399,1240
4123,101,1402,1114
4124,101,1410,1430
4125,101,1413,1364
4126,101,1417,1450
4127,101,1419,1407
4128,101,1421,1255
4129,101,1425,1449
4130,101,1426,1117
4131,101,1427,1267
4132,101,1443,1431
4133,101,1455,1416
4134,101,1456,1180
4135,101,1464,1178
4136,101,1467,1383
4137,102,1135,1335
4138,102,1171,1162
4139,102,1172,1382
4140,102,1193,1265
4141,102,1217,1165
4142,102,1233,1264
4143,102,1284,1145
4144,102,1295,1236
4145,102,1297,1237
4146,102,1355,1176
4147,102,1373,1351
4148,102,1389,1346
4149,102,1460,1227
4150,102,1463,1343
4151,103,1101,1394
4152,103,1102,1363
4153,103,1103,1141
4154,103,1104,1261
4155,103,1106,1105
4156,103,1108,1290
4157,103,1111,1204
4158,103,1112,1390
4159,103,1119,1250
4160,103,1122,1184
4161,103,1124,1452
4162,103,1125,1240
4163,103,1131,1298
4164,103,1132,1123
4165,103,1133,1356
4166,103,1137,1110
4167,103,1138,1405
4168,103,1140,1360
4169,103,1148,1136
4170,103,1155,1257
4171,103,1156,1178
4172,103,1160,1333
4173,103,1161,1461
4174,103,1166,1177
4175,103,1168,1142
4176,103,1171,1165
4177,103,1173,1269
4178,103,1181,1323
4179,103,1185,1444
4180,103,1186,1340
4181,103,1189,1180
4182,103,1190,1440
4183,103,1192,1352
4184,103,1196,1435
4185,103,1197,1175
4186,103,1199,1393
4187,103,1202,1151
4188,103,1203,1206
4189,103,1207,1139
4190,103,1209,1157
4191,103,1211,1337
4192,103,1213,1152
4193,103,1217,1162
4194,103,1219,1367
4195,103,1220,1423
4196,103,1230,1309
4197,103,1235,1400
4198,103,1242,1328
4199,103,1245,1325
4200,103,1246,1279
4201,103,1248,1221
4202,103,1249,1223
4203,103,1251,1312
4204,103,1252,1195
4205,103,1253,1415
4206,103,1255,1214
4207,103,1256,1194
4208,103,1258,1365
4209,103,1260,1320
4210,103,1262,1216
4211,103,1267,1431
4212,103,1268,1277
4213,103,1271,1126
4214,103,1274,1448
4215,103,1275,1296
4216,103,1280,1116
4217,103,1281,1120
4218,103,1282,1167
4219,103,1285,1226
4220,103,1286,1451
4221,103,1293,1287
4222,103,1294,1170
4223,103,1308,1430
4224,103,1311,1368
4225,103,1313,1288
4226,103,1315,1442
4227,103,1316,1466
4228,103,1317,1330
4229,103,1318,1158
4230,103,1319,1381
4231,103,1322,1270
4232,103,1324,1464
4233,103,1326,1345
4234,103,1329,1403
4235,103,1331,1377
4236,103,1335,1463
4237,103,1336,1321
4238,103,1341,1212
4239,103,1343,1135
4240,103,1344,1371
4241,103,1347,1144
4242,103,1348,1386
4243,103,1349,1150
4244,103,1350,1433
4245,103,1353,1228
4246,103,1354,1164
4247,103,1357,1254
4248,103,1358,1146
4249,103,1359,1154
4250,103,1369,1188
4251,103,1374,1222
4252,103,1375,1419
4253,103,1376,1397
4254,103,1379,1198
4255,103,1380,1115
4256,103,1384,1291
4257,103,1387,1247
4258,103,1388,1334
4259,103,1391,1244
4260,103,1395,1243
4261,103,1398,1399
4262,103,1401,1208
4263,103,1402,1117
4264,103,1404,1183
4265,103,1406,1241
4266,103,1409,1378
4267,103,1410,1370
4268,103,1411,1238
4269,103,1412,1292
4270,103,1413,1169
4271,103,1417,1449
4272,103,1418,1407
4273,103,1420,1306
4274,103,1421,1149
4275,103,1422,1273
4276,103,1424,1307
4277,103,1425,1450
4278,103,1426,1114
4279,103,1429,1201
4280,103,1434,1229
4281,103,1436,1127
4282,103,1438,1314
4283,103,1439,1338
4284,103,1441,1459
4285,103,1443,1427
4286,103,1453,1454
4287,103,1456,1174
4288,103,1457,1342
4289,103,1458,1304
4290,103,1467,1447
4291,104,1107,1263
4292,104,1113,1143
4293,104,1130,1301
4294,104,1153,1187
4295,104,1163,1272
4296,104,1179,1191
4297,104,1182,1200
4298,104,1227,1297
4299,104,1233,1265
4300,104,1234,1278
4301,104,1259,1159
4302,104,1276,1231
4303,104,1283,1232
4304,104,1303,1176
4305,104,1310,1284
4306,104,1332,1428
4307,104,1351,1346
4308,104,1355,1236
4309,104,1361,1129
4310,104,1373,1264
4311,104,1389,1193
4312,104,1414,1218
4313,104,1437,1396
4314,104,1455,1408
4315,104,1460,1237
4316,105,1108,1115
4317,105,1126,1175
4318,105,1137,1221
4319,105,1242,1235
4320,105,1271,1197
4321,105,1288,1354
4322,105,1299,1300
4323,105,1313,1164
4324,105,1323,1314
4325,105,1340,1225
4326,105,1341,1238
4327,105,1380,1290
4328,105,1411,1212
4329,105,1462,1385
4330,106,1103,1444
4331,106,1124,1328
4332,106,1136,1467
4333,106,1138,1123
4334,106,1148,1192
4335,106,1166,1266
4336,106,1173,1433
4337,106,1185,1245
4338,106,1196,1116
4339,106,1199,1338
4340,106,1228,1336
4341,106,1246,1261
4342,106,1268,1321
4343,106,1269,1387
4344,106,1281,1279
4345,106,1305,1307
4346,106,1325,1141
4347,106,1383,1254
4348,106,1384,1352
4349,106,1386,1172
4350,106,1397,1435
4351,106,1424,1161
4352,106,1447,1291
4353,106,1452,1329
4354,106,1458,1345
4355,107,1101,1223
4356,107,1110,1298
4357,107,1129,1363
4358,107,1133,1283
4359,107,1143,1450
4360,107,1151,1154
4361,107,1159,1250
4362,107,1179,1434
4363,107,1190,1202
4364,107,1201,1102
4365,107,1203,1182
4366,107,1208,1120
4367,107,1210,1448
4368,107,1222,1409
4369,107,1230,1270
4370,107,1231,1278
4371,107,1247,1200
4372,107,1248,1131
4373,107,1249,1358
4374,107,1257,1393
4375,107,1259,1119
4376,107,1260,1229
4377,107,1272,1187
4378,107,1273,1359
4379,107,1274,1439
4380,107,1276,1353
4381,107,1280,1376
4382,107,1282,1465
4383,107,1295,1377
4384,107,1301,1181
4385,107,1311,1322
4386,107,1344,1207
4387,107,1350,1206
4388,107,1355,1315
4389,107,1371,1139
4390,107,1372,1146
4391,107,1373,1233
4392,107,1400,1395
4393,107,1401,1104
4394,107,1403,1243
4395,107,1408,1374
4396,107,1414,1253
4397,107,1416,1153
4398,107,1419,1117
4399,107,1422,1459
4400,107,1429,1461
4401,107,1437,1177
4402,107,1438,1130
4403,107,1440,1441
4404,108,1112,1333
4405,108,1113,1332
4406,108,1122,1188
4407,108,1125,1287
4408,108,1127,1262
4409,108,1140,1365
4410,108,1144,1149
4411,108,1157,1407
4412,108,1160,1425
4413,108,1174,1318
4414,108,1176,1331
4415,108,1183,1293
4416,108,1184,1398
4417,108,1186,1170
4418,108,1189,1241
4419,108,1211,1362
4420,108,1214,1205
4421,108,1218,1415
4422,108,1219,1342
4423,108,1220,1180
4424,108,1232,1320
4425,108,1234,1326
4426,108,1240,1369
4427,108,1251,1316
4428,108,1252,1239
4429,108,1255,1367
4430,108,1277,1304
4431,108,1294,1381
4432,108,1297,1156
4433,108,1303,1236
4434,108,1306,1216
4435,108,1312,1391
4436,108,1319,1225
4437,108,1337,1339
4438,108,1340,1286
4439,108,1347,1421
4440,108,1356,1191
4441,108,1364,1168
4442,108,1370,1213
4443,108,1375,1111
4444,108,1388,1258
4445,108,1390,1449
4446,108,1396,1163
4447,108,1399,1404
4448,108,1402,1204
4449,108,1413,1142
4450,108,1417,1428
4451,108,1420,1107
4452,108,1426,1209
4453,108,1430,1167
4454,108,1436,1392
4455,108,1455,1378
4456,108,1456,1406
4457,108,1464,1460
4458,108,1466,1244
4459,109,1135,1162
4460,109,1136,1383
4461,109,1171,1335
4462,109,1193,1310
4463,109,1217,1343
4464,109,1233,1351
4465,109,1254,1192
4466,109,1284,1265
4467,109,1324,1454
4468,109,1346,1145
4469,109,1352,1291
4470,109,1387,1433
4471,109,1389,1264
4472,109,1447,1148
4473,109,1453,1178
4474,109,1463,1165
4475,109,1467,1357
4476,110,1101,1368
4477,110,1103,1275
4478,110,1104,1279
4479,110,1105,1108
4480,110,1111,1407
4481,110,1113,1333
4482,110,1114,1117
4483,110,1116,1281
4484,110,1119,1298
4485,110,1120,1397
4486,110,1123,1185
4487,110,1125,1184
4488,110,1126,1354
4489,110,1132,1325
4490,110,1138,1245
4491,110,1140,1211
4492,110,1146,1311
4493,110,1150,1443
4494,110,1155,1130
4495,110,1161,1363
4496,110,1164,1175
4497,110,1165,1135
4498,110,1170,1225
4499,110,1172,1348
4500,110,1173,1182
4501,110,1177,1207
4502,110,1181,1439
4503,110,1183,1122
4504,110,1186,1319
4505,110,1190,1359
4506,110,1194,1412
4507,110,1195,1312
4508,110,1197,1313
4509,110,1199,1301
4510,110,1202,1459
4511,110,1204,1426
4512,110,1205,1144
4513,110,1206,1386
4514,110,1208,1435
4515,110,1212,1238
4516,110,1214,1457
4517,110,1216,1127
4518,110,1217,1335
4519,110,1220,1174
4520,110,1227,1237
4521,110,1229,1179
4522,110,1239,1244
4523,110,1240,1404
4524,110,1242,1124
4525,110,1246,1196
4526,110,1247,1203
4527,110,1249,1394
4528,110,1251,1391
4529,110,1253,1218
4530,110,1255,1219
4531,110,1256,1317
4532,110,1257,1314
4533,110,1258,1339
4534,110,1259,1248
4535,110,1261,1376
4536,110,1267,1330
4537,110,1269,1200
4538,110,1272,1222
4539,110,1273,1151
4540,110,1276,1345
4541,110,1283,1260
4542,110,1285,1286
4543,110,1287,1398
4544,110,1292,1379
4545,110,1293,1188
4546,110,1294,1226
4547,110,1296,1141
4548,110,1297,1464
4549,110,1299,1224
4550,110,1300,1271
4551,110,1303,1442
4552,110,1305,1201
4553,110,1306,1107
4554,110,1308,1410
4555,110,1309,1270
4556,110,1315,1295
4557,110,1316,1252
4558,110,1318,1180
4559,110,1329,1328
4560,110,1332,1112
4561,110,1334,1365
4562,110,1341,1115
4563,110,1343,1171
4564,110,1344,1266
4565,110,1347,1367
4566,110,1358,1223
4567,110,1362,1337
4568,110,1364,1413
4569,110,1370,1167
4570,110,1372,1230
4571,110,1375,1157
4572,110,1380,1106
4573,110,1382,1350
4574,110,1388,1360
4575,110,1392,1263
4576,110,1393,1210
4577,110,1395,1452
4578,110,1399,1369
4579,110,1400,1243
4580,110,1401,1280
4581,110,1402,1209
4582,110,1403,1235
4583,110,1405,1444
4584,110,1406,1189
4585,110,1408,1416
4586,110,1409,1374
4587,110,1411,1290
4588,110,1414,1169
4589,110,1415,1142
4590,110,1417,1160
4591,110,1419,1418
4592,110,1420,1436
4593,110,1421,1342
4594,110,1422,1440
4595,110,1423,1158
4596,110,1424,1361
4597,110,1430,1213
4598,110,1431,1349
4599,110,1434,1133
4600,110,1437,1462
4601,110,1438,1338
4602,110,1441,1154
4603,110,1449,1143
4604,110,1451,1381
4605,110,1456,1241
4606,110,1460,1156
4607,110,1461,1102
4608,110,1463,1162
4609,110,1465,1152
4610,111,1129,1307
4611,111,1131,1110
4612,111,1145,1264
4613,111,1153,1455
4614,111,1159,1221
4615,111,1163,1378
4616,111,1166,1139
4617,111,1178,1454
4618,111,1187,1396
4619,111,1192,1352
4620,111,1231,1336
4621,111,1232,1191
4622,111,1250,1137
4623,111,1265,1310
4624,111,1278,1321
4625,111,1284,1346
4626,111,1291,1467
4627,111,1320,1356
4628,111,1323,1274
4629,111,1324,1453
4630,111,1326,1268
4631,111,1355,1377
4632,111,1357,1136
4633,111,1371,1385
4634,111,1373,1193
4635,111,1384,1254
4636,111,1389,1351
4637,111,1390,1450
4638,111,1428,1425
4639,111,1447,1383
4640,111,1458,1353
4641,112,1108,1106
4642,112,1115,1411
4643,112,1126,1313
4644,112,1197,1354
4645,112,1199,1257
4646,112,1228,1304
4647,112,1242,1329
4648,112,1288,1175
4649,112,1299,1271
4650,112,1300,1224
4651,112,1341,1290
4652,112,1380,1105
4653,112,1400,1452
4654,113,1120,1279
4655,113,1123,1444
4656,113,1124,1243
4657,113,1132,1103
4658,113,1172,1247
4659,113,1173,1206
4660,113,1210,1155
4661,113,1235,1395
4662,113,1245,1275
4663,113,1246,1401
4664,113,1260,1179
4665,113,1277,1234
4666,113,1280,1104
4667,113,1296,1185
4668,113,1305,1461
4669,113,1314,1301
4670,113,1325,1138
4671,113,1328,1403
4672,113,1361,1161
4673,113,1374,1272
4674,113,1405,1141
4675,113,1409,1408
4676,113,1429,1363
4677,113,1434,1283
4678,113,1448,1181
4679,113,1462,1177
4680,114,1101,1358
4681,114,1102,1307
4682,114,1110,1248
4683,114,1116,1397
4684,114,1119,1221
4685,114,1127,1420
4686,114,1133,1229
4687,114,1137,1159
4688,114,1151,1440
4689,114,1163,1416
4690,114,1169,1253
4691,114,1182,1382
4692,114,1190,1459
4693,114,1196,1261
4694,114,1202,1422
4695,114,1216,1392
4696,114,1232,1356
4697,114,1236,1176
4698,114,1249,1230
4699,114,1250,1131
4700,114,1262,1107
4701,114,1264,1265
4702,114,1266,1207
4703,114,1268,1278
4704,114,1269,1433
4705,114,1270,1368
4706,114,1273,1154
4707,114,1281,1435
4708,114,1298,1259
4709,114,1303,1315
4710,114,1306,1263
4711,114,1311,1223
4712,114,1320,1191
4713,114,1323,1130
4714,114,1336,1353
4715,114,1348,1200
4716,114,1350,1203
4717,114,1372,1322
4718,114,1373,1346
4719,114,1376,1208
4720,114,1378,1187
4721,114,1387,1386
4722,114,1390,1428
4723,114,1393,1338
4724,114,1394,1309
4725,114,1418,1117
4726,114,1424,1129
4727,114,1437,1385
4728,114,1438,1439
4729,114,1441,1359
4730,114,1465,1430
4731,115,1114,1419
4732,115,1122,1287
4733,115,1125,1399
4734,115,1143,1160
4735,115,1156,1454
4736,115,1158,1174
4737,115,1167,1410
4738,115,1170,1286
4739,115,1183,1369
4740,115,1186,1381
4741,115,1188,1404
4742,115,1192,1136
4743,115,1194,1427
4744,115,1195,1239
4745,115,1205,1149
4746,115,1211,1360
4747,115,1227,1178
4748,115,1228,1321
4749,115,1233,1145
4750,115,1237,1324
4751,115,1251,1244
4752,115,1254,1447
4753,115,1255,1342
4754,115,1275,1141
4755,115,1293,1184
4756,115,1294,1225
4757,115,1295,1355
4758,115,1308,1213
4759,115,1310,1389
4760,115,1316,1391
4761,115,1317,1198
4762,115,1318,1241
4763,115,1319,1285
4764,115,1326,1304
4765,115,1331,1442
4766,115,1332,1333
4767,115,1334,1258
4768,115,1340,1226
4769,115,1345,1231
4770,115,1347,1214
4771,115,1357,1383
4772,115,1362,1339
4773,115,1364,1415
4774,115,1384,1291
4775,115,1388,1365
4776,115,1398,1240
4777,115,1406,1220
4778,115,1412,1267
4779,115,1414,1142
4780,115,1417,1113
4781,115,1421,1219
4782,115,1423,1180
4783,115,1425,1112
4784,115,1443,1256
4785,115,1453,1464
4786,115,1455,1396
4787,115,1457,1367
4788,115,1458,1276
4789,115,1466,1312
4790,115,1467,1148
4791,116,1171,1165
4792,116,1173,1172
4793,116,1217,1162
4794,116,1218,1168
4795,116,1343,1135
4796,116,1346,1193
4797,116,1351,1284
4798,116,1373,1265
4799,116,1450,1449
4800,116,1460,1297
4801,116,1463,1335
4802,117,1101,1146
4803,117,1103,1138
4804,117,1104,1376
4805,117,1110,1221
4806,117,1114,1418
4807,117,1125,1398
4808,117,1131,1137
4809,117,1136,1447
4810,117,1139,1177
4811,117,1140,1337
4812,117,1143,1428
4813,117,1144,1421
4814,117,1151,1422
4815,117,1155,1199
4816,117,1157,1111
4817,117,1158,1180
4818,117,1159,1119
4819,117,1161,1102
4820,117,1163,1187
4821,117,1164,1288
4822,117,1169,1168
4823,117,1171,1162
4824,117,1174,1423
4825,117,1175,1271
4826,117,1176,1442
4827,117,1178,1237
4828,117,1182,1206
4829,117,1183,1188
4830,117,1184,1287
4831,117,1185,1141
4832,117,1186,1294
4833,117,1190,1441
4834,117,1192,1291
4835,117,1201,1461
4836,117,1202,1154
4837,117,1204,1209
4838,117,1205,1347
4839,117,1208,1116
4840,117,1210,1274
4841,117,1211,1388
4842,117,1212,1115
4843,117,1217,1165
4844,117,1220,1241
4845,117,1229,1191
4846,117,1232,1434
4847,117,1234,1336
4848,117,1238,1290
4849,117,1239,1391
4850,117,1240,1399
4851,117,1242,1243
4852,117,1246,1120
4853,117,1247,1382
4854,117,1248,1298
4855,117,1250,1259
4856,117,1252,1251
4857,117,1260,1133
4858,117,1261,1401
4859,117,1263,1420
4860,117,1270,1223
4861,117,1272,1408
4862,117,1273,1459
4863,117,1275,1132
4864,117,1277,1268
4865,117,1279,1435
4866,117,1280,1281
4867,117,1282,1152
4868,117,1283,1356
4869,117,1285,1170
4870,117,1286,1319
4871,117,1293,1122
4872,117,1295,1303
4873,117,1300,1354
4874,117,1301,1338
4875,117,1306,1127
4876,117,1307,1429
4877,117,1308,1167
4878,117,1310,1233
4879,117,1311,1309
4880,117,1312,1244
4881,117,1313,1224
4882,117,1314,1393
4883,117,1320,1179
4884,117,1324,1227
4885,117,1325,1245
4886,117,1328,1452
4887,117,1329,1235
4888,117,1331,1236
4889,117,1334,1360
4890,117,1335,1135
4891,117,1340,1451
4892,117,1341,1106
4893,117,1342,1149
4894,117,1344,1437
4895,117,1350,1269
4896,117,1352,1384
4897,117,1357,1254
4898,117,1359,1440
4899,117,1361,1305
4900,117,1362,1258
4901,117,1365,1339
4902,117,1367,1214
4903,117,1368,1322
4904,117,1371,1266
4905,117,1372,1249
4906,117,1375,1407
4907,117,1377,1315
4908,117,1380,1108
4909,117,1381,1225
4910,117,1383,1148
4911,117,1386,1200
4912,117,1389,1145
4913,117,1392,1107
4914,117,1394,1230
4915,117,1395,1124
4916,117,1397,1196
4917,117,1400,1403
4918,117,1402,1426
4919,117,1404,1369
4920,117,1405,1123
4921,117,1409,1416
4922,117,1410,1213
4923,117,1411,1105
4924,117,1413,1253
4925,117,1414,1364
4926,117,1417,1112
4927,117,1424,1363
4928,117,1425,1113
4929,117,1433,1203
4930,117,1436,1262
4931,117,1438,1181
4932,117,1444,1296
4933,117,1448,1323
4934,117,1453,1156
4935,117,1456,1189
4936,117,1457,1219
4937,117,1463,1343
4938,117,1464,1454
4939,117,1465,1370
4940,117,1466,1195
4941,118,1198,1150
4942,118,1222,1153
4943,118,1228,1231
4944,118,1257,1439
4945,118,1284,1264
4946,118,1317,1443
4947,118,1321,1304
4948,118,1326,1276
4949,118,1330,1194
4950,118,1346,1265
4951,118,1349,1292
4952,118,1351,1193
4953,118,1378,1396
4954,118,1385,1166
4955,118,1387,1348
4956,118,1390,1160
4957,118,1406,1318
4958,118,1415,1218
4959,118,1427,1412
4960,118,1431,1379
4961,118,1455,1374
4962,118,1458,1278
4963,118,1462,1207
4964,119,1124,1403
4965,119,1181,1301
4966,119,1212,1290
4967,119,1224,1271
4968,119,1226,1451
4969,119,1238,1115
4970,119,1299,1354
4971,119,1300,1126
4972,119,1313,1175
4973,119,1341,1105
4974,119,1411,1106
4975,120,1103,1325
4976,120,1111,1419
4977,120,1117,1204
4978,120,1123,1141
4979,120,1137,1221
4980,120,1138,1275
4981,120,1149,1342
4982,120,1153,1378
4983,120,1177,1266
4984,120,1182,1433
4985,120,1209,1114
4986,120,1227,1237
4987,120,1245,1132
4988,120,1250,1259
4989,120,1251,1312
4990,120,1252,1195
4991,120,1262,1306
4992,120,1263,1216
4993,120,1277,1336
4994,120,1296,1405
4995,120,1314,1448
4996,120,1316,1239
4997,120,1324,1156
4998,120,1345,1234
4999,120,1350,1172
5000,120,1353,1268
5001,120,1367,1219
5002,120,1372,1101
5003,120,1375,1402
5004,120,1376,1280
5005,120,1391,1466
5006,120,1393,1130
5007,120,1397,1246
5008,120,1400,1328
5009,120,1418,1157
5010,120,1420,1392
5011,120,1421,1144
5012,120,1426,1407
5013,120,1435,1104
5014,120,1436,1107
5015,120,1444,1185
5016,120,1452,1235
5017,120,1464,1454
5018,121,1102,1201
5019,121,1116,1261
5020,121,1139,1385
5021,121,1145,1265
5022,121,1150,1317
5023,121,1166,1207
5024,121,1169,1414
5025,121,1173,1348
5026,121,1183,1240
5027,121,1196,1208
5028,121,1199,1323
5029,121,1200,1203
5030,121,1210,1338
5031,121,1223,1230
5032,121,1231,1278
5033,121,1242,1395
5034,121,1254,1192
5035,121,1256,1198
5036,121,1267,1194
5037,121,1269,1247
5038,121,1279,1281
5039,121,1284,1193
5040,121,1307,1363
5041,121,1311,1270
5042,121,1322,1309
5043,121,1329,1243
5044,121,1330,1427
5045,121,1344,1462
5046,121,1346,1233
5047,121,1349,1379
5048,121,1351,1264
5049,121,1352,1383
5050,121,1357,1291
5051,121,1368,1146
5052,121,1373,1310
5053,121,1382,1386
5054,121,1384,1136
5055,121,1387,1206
5056,121,1394,1358
5057,121,1398,1287
5058,121,1401,1120
5059,121,1409,1396
5060,121,1416,1374
5061,121,1431,1292
5062,121,1437,1371
5063,121,1438,1274
5064,121,1439,1155
5065,121,1458,1321
5066,121,1461,1161
5067,122,1105,1212
5068,122,1108,1341
5069,122,1112,1450
5070,122,1122,1183
5071,122,1126,1197
5072,122,1129,1424
5073,122,1131,1298
5074,122,1137,1110
5075,122,1159,1250
5076,122,1163,1222
5077,122,1164,1271
5078,122,1175,1224
5079,122,1179,1229
5080,122,1184,1398
5081,122,1186,1226
5082,122,1205,1421
5083,122,1214,1255
5084,122,1218,1413
5085,122,1227,1464
5086,122,1238,1106
5087,122,1248,1119
5088,122,1251,1391
5089,122,1252,1316
5090,122,1253,1142
5091,122,1258,1360
5092,122,1272,1455
5093,122,1276,1304
5094,122,1282,1430
5095,122,1286,1381
5096,122,1294,1285
5097,122,1300,1299
5098,122,1308,1465
5099,122,1313,1288
5100,122,1326,1228
5101,122,1332,1143
5102,122,1333,1390
5103,122,1340,1319
5104,122,1347,1149
5105,122,1361,1102
5106,122,1364,1168
5107,122,1365,1339
5108,122,1380,1411
5109,122,1429,1307
5110,122,1434,1191
5111,122,1449,1113
5112,122,1451,1225
5113,122,1453,1324
5114,122,1457,1367
5115,122,1461,1305
5116,123,1103,1245
5117,123,1123,1296
5118,123,1125,1184
5119,123,1133,1356
5120,123,1135,1217
5121,123,1138,1132
5122,123,1141,1444
5123,123,1145,1310
5124,123,1172,1433
5125,123,1179,1320
5126,123,1193,1264
5127,123,1210,1155
5128,123,1214,1347
5129,123,1283,1232
5130,123,1293,1122
5131,123,1301,1448
5132,123,1325,1275
5133,123,1335,1165
5134,123,1337,1365
5135,123,1343,1162
5136,123,1350,1182
5137,123,1361,1129
5138,123,1362,1258
5139,123,1373,1284
5140,123,1389,1233
5141,123,1405,1185
5142,123,1429,1461
5143,123,1434,1260
5144,123,1440,1359
5145,123,1457,1205
5146,123,1459,1154
5147,123,1463,1171
5148,124,1101,1230
5149,124,1108,1411
5150,124,1113,1450
5151,124,1120,1397
5152,124,1125,1293
5153,124,1133,1179
5154,124,1135,1171
5155,124,1139,1462
5156,124,1151,1422
5157,124,1153,1396
5158,124,1157,1426
5159,124,1165,1343
5160,124,1166,1371
5161,124,1168,1253
5162,124,1169,1218
5163,124,1173,1203
5164,124,1180,1423
5165,124,1181,1314
5166,124,1186,1451
5167,124,1189,1241
5168,124,1190,1440
5169,124,1199,1130
5170,124,1206,1200
5171,124,1212,1106
5172,124,1213,1167
5173,124,1216,1262
5174,124,1217,1463
5175,124,1225,1226
5176,124,1236,1355
5177,124,1238,1105
5178,124,1242,1403
5179,124,1243,1235
5180,124,1246,1196
5181,124,1247,1386
5182,124,1256,1150
5183,124,1261,1208
5184,124,1267,1427
5185,124,1270,1249
5186,124,1274,1393
5187,124,1280,1279
5188,124,1281,1104
5189,124,1290,1115
5190,124,1292,1379
5191,124,1294,1286
5192,124,1295,1176
5193,124,1309,1368
5194,124,1321,1336
5195,124,1322,1146
5196,124,1323,1439
5197,124,1328,1395
5198,124,1329,1400
5199,124,1332,1390
5200,124,1333,1143
5201,124,1335,1162
5202,124,1340,1170
5203,124,1344,1177
5204,124,1348,1269
5205,124,1352,1254
5206,124,1353,1345
5207,124,1362,1334
5208,124,1364,1142
5209,124,1372,1358
5210,124,1378,1374
5211,124,1380,1341
5212,124,1381,1285
5213,124,1384,1357
5214,124,1385,1266
5215,124,1387,1382
5216,124,1388,1337
5217,124,1392,1107
5218,124,1394,1223
5219,124,1401,1116
5220,124,1410,1465
5221,124,1412,1330
5222,124,1415,1413
5223,124,1418,1117
5224,124,1420,1306
5225,124,1425,1417
5226,124,1428,1160
5227,124,1429,1361
5228,124,1431,1349
5229,124,1434,1283
5230,124,1435,1376
5231,124,1436,1263
5232,124,1437,1207
5233,124,1438,1257
5234,124,1441,1273
5235,124,1443,1198
5236,124,1449,1112
5237,124,1452,1124
5238,124,1458,1231
5239,124,1459,1202
5240,125,1131,1137
5241,125,1133,1434
5242,125,1159,1248
5243,125,1163,1408
5244,125,1174,1158
5245,125,1189,1456
5246,125,1190,1441
5247,125,1220,1180
5248,125,1222,1272
5249,125,1228,1234
5250,125,1251,1252
5251,125,1268,1276
5252,125,1277,1326
5253,125,1278,1304
5254,125,1315,1377
5255,125,1318,1406
5256,125,1331,1303
5257,125,1416,1187
5258,125,1455,1409
5259,125,1457,1214
5260,125,1459,1151
5261,126,1111,1157
5262,126,1190,1459
5263,126,1204,1418
5264,126,1211,1362
5265,126,1220,1174
5266,126,1227,1460
5267,126,1245,1185
5268,126,1275,1138
5269,126,1295,1331
5270,126,1297,1453
5271,126,1315,1236
5272,126,1318,1189
5273,126,1325,1141
5274,126,1388,1140
5275,126,1405,1444
5276,127,1175,1271
5277,127,1211,1388
5278,127,1216,1392
5279,127,1220,1318
5280,127,1224,1354
5281,127,1233,1145
5282,127,1238,1108
5283,127,1264,1193
5284,127,1295,1315
5285,127,1297,1227
5286,127,1310,1265
5287,127,1314,1439
5288,127,1338,1448
5289,127,1341,1105
5290,127,1352,1384
5291,127,1380,1106
5292,127,1411,1212
5293,127,1436,1420
5294,128,1112,1449
5295,128,1116,1435
5296,128,1131,1159
5297,128,1143,1390
5298,128,1155,1274
5299,128,1170,1451
5300,128,1177,1462
5301,128,1194,1330
5302,128,1198,1349
5303,128,1200,1203
5304,128,1204,1209
5305,128,1206,1386
5306,128,1208,1279
5307,128,1226,1319
5308,128,1231,1304
5309,128,1243,1395
5310,128,1249,1270
5311,128,1267,1431
5312,128,1278,1321
5313,128,1299,1224
5314,128,1300,1175
5315,128,1301,1338
5316,128,1322,1394
5317,128,1323,1130
5318,128,1329,1235
5319,128,1333,1428
5320,128,1373,1264
5321,128,1381,1225
5322,128,1385,1207
5323,128,1389,1233
5324,128,1393,1314
5325,128,1402,1111
5326,128,1412,1427
5327,128,1450,1160
